source1_entity_id	matched_entity_ids
S1-925783039	S2-157377754,S3-997698194
S1-773889195	S2-374107005
S1-377745466	
S1-133037285	S2-116829652,S2-12277364,S2-156093430,S2-17094356,S2-184402475,S2-228753613,S2-249983887,S2-251804019,S2-294350034,S2-328711613,S2-362763426,S2-400283652,S2-422102342,S2-424233644,S2-494744256,S2-513555420,S2-54793953,S2-613746928,S2-63448392,S2-638041429,S2-64110025,S2-694431460,S2-719408306,S2-726697643,S2-786223429,S2-819477377,S2-842026189,S2-857556839,S2-881021516,S2-893312094,S2-903883550,S2-914628617,S2-930765014,S2-955519600,S2-956336467,S2-980137130,S2-992950596,S3-132111311,S3-16023922,S3-16248212,S3-181203852,S3-194006245,S3-246260684,S3-253803995,S3-259032197,S3-260621238,S3-276297873,S3-313288907,S3-334619299,S3-336463118,S3-38214711,S3-455411286,S3-474321619,S3-476003339,S3-49797178,S3-49865200,S3-503426397,S3-504829804,S3-51511490,S3-53247804,S3-546610422,S3-567174157,S3-574108748,S3-57597171,S3-63077359,S3-647907714,S3-719375398,S3-771762582,S3-826569003,S3-830602792,S3-898259789,S3-940895145,S3-995465106
S1-755362802	
S1-851869949	S3-807524060
S1-785847572	S3-943437724,S3-948163592
S1-27541239	S2-563573129,S2-59546355,S3-893131105
S1-629417405	S3-962449159
S1-22305073	S3-183589405,S3-221070872
S1-504790211	
S1-564729135	
S1-236312382	
S1-865131206	S2-112351360,S2-113479717,S2-140823755,S2-152462890,S2-158358320,S2-166850715,S2-16884205,S2-181254901,S2-18581446,S2-189842471,S2-192014108,S2-195041438,S2-209746679,S2-226897644,S2-231351120,S2-236017299,S2-271754521,S2-285882622,S2-291230026,S2-291857106,S2-309306511,S2-320311081,S2-337169986,S2-340726883,S2-349841393,S2-357707478,S2-361242901,S2-36489427,S2-373002251,S2-421152134,S2-42531076,S2-451075041,S2-487191064,S2-490085739,S2-491923152,S2-494746474,S2-497343976,S2-5023125,S2-502317016,S2-517477590,S2-536865029,S2-5424071,S2-544979911,S2-548286806,S2-549483029,S2-562051830,S2-563129031,S2-566117187,S2-577724547,S2-577942016,S2-58297353,S2-586874078,S2-606231700,S2-607307121,S2-617606666,S2-618584999,S2-622467860,S2-63143168,S2-638664692,S2-642766856,S2-651732907,S2-654539481,S2-655583875,S2-656457269,S2-664446032,S2-679686804,S2-684832789,S2-688588955,S2-695828237,S2-723863929,S2-725229130,S2-729159002,S2-729374981,S2-731207459,S2-731432051,S2-740324451,S2-743504917,S2-748382676,S2-752605998,S2-754915567,S2-759195845,S2-767114421,S2-775359530,S2-780771411,S2-781388569,S2-784730844,S2-78501825,S2-793355415,S2-801719247,S2-812073778,S2-814531684,S2-818022518,S2-839668055,S2-844854124,S2-856972085,S2-871822033,S2-876037007,S2-884213918,S2-903237189,S2-915658750,S2-915779194,S2-927663913,S2-929513336,S2-950719615,S2-959048211,S2-962006367,S2-967661254,S2-979756141,S2-989076424,S3-11258461,S3-144634055,S3-162203875,S3-174148906,S3-174858688,S3-199619577,S3-201230600,S3-217523013,S3-224060679,S3-230798545,S3-235465896,S3-235752728,S3-242655508,S3-250972809,S3-256022043,S3-278125636,S3-280579661,S3-283166129,S3-285966999,S3-308103419,S3-316613762,S3-324201081,S3-328585688,S3-333913003,S3-33460457,S3-346996664,S3-353214111,S3-35589688,S3-358194347,S3-358895950,S3-366111218,S3-387717302,S3-388147491,S3-396182029,S3-399210355,S3-401704144,S3-404094019,S3-41750073,S3-418807427,S3-432981862,S3-441559208,S3-450225933,S3-453258513,S3-474519920,S3-475463125,S3-482974526,S3-491747364,S3-497127520,S3-501129021,S3-509207424,S3-531128522,S3-546701223,S3-548479772,S3-563647003,S3-565791675,S3-567734078,S3-575877570,S3-602120352,S3-604983290,S3-615757982,S3-624475137,S3-634331021,S3-640967700,S3-648112540,S3-65094669,S3-661422705,S3-667243561,S3-669849847,S3-677558818,S3-685849460,S3-687210432,S3-691606378,S3-693831374,S3-700561041,S3-703082962,S3-70324553,S3-703732160,S3-711738044,S3-718835766,S3-723723818,S3-73934445,S3-739616158,S3-740384236,S3-745147201,S3-747002053,S3-756920506,S3-765820533,S3-767925393,S3-768051120,S3-775343216,S3-783166834,S3-787877490,S3-80093904,S3-809850537,S3-813853443,S3-822603790,S3-824837857,S3-843323981,S3-847698989,S3-871737265,S3-88734752,S3-889322245,S3-893927988,S3-899581432,S3-906410495,S3-907156351,S3-907374455,S3-910657406,S3-918457819,S3-922550092,S3-925665575,S3-931252972,S3-937083466,S3-9388080,S3-963161812,S3-965403451,S3-965822560,S3-967443001,S3-968198684,S3-970149442,S3-97459354,S3-975179009,S3-977760743,S3-98087401,S3-987619790
S1-626914593	
S1-765734254	S3-161097395,S3-443541055
S1-82053739	S2-835982767,S2-920195931,S3-148907008,S3-179339827,S3-275943112,S3-388452593,S3-583059179,S3-66345806,S3-666211099,S3-744789332,S3-800559914,S3-948546478
S1-309349399	
S1-221443075	S2-861061618,S2-918961068
S1-341506266	
S1-990319941	S2-111737600,S2-11394413,S2-177578179,S2-181633374,S2-198325409,S2-19968634,S2-403549839,S2-413516677,S2-484781662,S2-527443581,S2-532668982,S2-574339407,S2-577921567,S2-633864546,S2-679730401,S2-696905719,S2-711424079,S2-725553497,S2-794282413,S2-831270273,S2-844349511,S2-848725981,S2-864781124,S2-941443544,S2-95835320,S2-96319076,S2-975714513,S3-100047037,S3-121016100,S3-13689002,S3-16481090,S3-169064170,S3-187612210,S3-209405752,S3-214610817,S3-220904015,S3-2218031,S3-288964719,S3-335732325,S3-341167706,S3-361720879,S3-386214852,S3-454864645,S3-4573336,S3-525707099,S3-544514618,S3-654512716,S3-706638885,S3-750301507,S3-81991970,S3-82184414,S3-829418839,S3-850817215,S3-900233530,S3-932384647,S3-974857668
S1-597762257	S2-153725054,S2-868815425,S3-310769248,S3-580434530,S3-680202781,S3-839591873
S1-661315962	
S1-716574008	
S1-985038901	
S1-404435514	S3-163265851,S3-914396266
S1-252242682	
S1-981440385	S3-345144200
S1-883973644	
S1-17666546	S2-341313901,S2-541030106,S3-144249320
S1-513115995	
S1-791217329	S2-142970038,S2-903446816
S1-602913883	S3-956365580
S1-401372098	S2-100285703,S2-122397823,S2-122810321,S2-174451654,S2-183745234,S2-194268240,S2-205646360,S2-22678665,S2-23289835,S2-240508030,S2-26535570,S2-296003172,S2-305635775,S2-335167199,S2-345391217,S2-357104008,S2-365671316,S2-375098188,S2-408602477,S2-428115412,S2-452265091,S2-459303132,S2-499674324,S2-529477340,S2-541734483,S2-557682561,S2-569365430,S2-581331975,S2-586521480,S2-587262706,S2-587950052,S2-598640045,S2-602100311,S2-635217106,S2-650265309,S2-651267711,S2-670496505,S2-677134202,S2-720027044,S2-749440255,S2-766698300,S2-810418869,S2-817909465,S2-851516848,S2-859220669,S2-863946350,S2-867203934,S2-912990960,S2-943964649,S2-970742178,S3-127224126,S3-136498779,S3-161464283,S3-171618275,S3-179101327,S3-213153004,S3-221015593,S3-223357321,S3-228021286,S3-241446156,S3-243044150,S3-243122042,S3-25724655,S3-27306623,S3-284244813,S3-304139418,S3-328040117,S3-335719013,S3-34294463,S3-34932079,S3-358107862,S3-418816843,S3-512140949,S3-526342068,S3-599391990,S3-602039910,S3-612585318,S3-622457803,S3-634338836,S3-636906427,S3-650998221,S3-656091151,S3-660323851,S3-699553957,S3-700306200,S3-733295562,S3-738704695,S3-752173175,S3-758090411,S3-75979312,S3-762802629,S3-798905858,S3-800410354,S3-831109760,S3-834024745,S3-851935540,S3-872012801,S3-896310446,S3-933027614,S3-940886259,S3-973262432,S3-978181704
S1-796227187	S2-356053713
S1-945437722	
S1-982210261	S2-240496833
S1-976369483	
S1-370715897	S2-102358424,S2-153819172,S2-154117993,S2-186914000,S2-192909287,S2-195255790,S2-201896536,S2-215992192,S2-249860017,S2-423360161,S2-453772715,S2-454850173,S2-495141679,S2-525053838,S2-542681798,S2-569617197,S2-572726464,S2-57932009,S2-586124994,S2-678989532,S2-68040299,S2-687169918,S2-713228091,S2-746424958,S2-755221441,S2-797871722,S2-812686863,S2-815866783,S2-82297332,S2-828386846,S2-85674169,S2-871940651,S2-916271842,S2-923345920,S2-959897425,S2-961738345,S3-136967610,S3-147162324,S3-188494066,S3-193926665,S3-199342798,S3-199350346,S3-200302884,S3-204513732,S3-209782942,S3-211552243,S3-242898042,S3-248548010,S3-250182190,S3-264167934,S3-274670551,S3-395332787,S3-420108120,S3-429311543,S3-460169127,S3-493341270,S3-532315051,S3-575831773,S3-639679106,S3-647703887,S3-67583124,S3-71936380,S3-808413251,S3-842243328,S3-953503814
S1-27029362	S2-137153245,S2-165707418,S2-296773560,S2-513982552,S2-595411337,S2-634320479,S2-7431318,S2-763449628,S2-795564883,S2-798128288,S2-818614098,S2-830712488,S2-841922869,S2-865753916,S2-887254216,S3-156686280,S3-214411929,S3-264631676,S3-688569314,S3-731733574,S3-825282082
S1-145829425	S2-597547471,S3-898064155
S1-993527714	
S1-965555167	
S1-151608539	
S1-714672596	
S1-134898809	S2-114316603,S2-130244441,S2-133335676,S2-159594984,S2-166871923,S2-206575018,S2-227443036,S2-25837556,S2-261413077,S2-340914446,S2-385103312,S2-387383273,S2-483419221,S2-489479155,S2-491667146,S2-498843470,S2-514096624,S2-52811296,S2-538762241,S2-540938494,S2-568182384,S2-573548793,S2-605743649,S2-615224475,S2-623064549,S2-628884920,S2-638944943,S2-649798962,S2-676644655,S2-689397157,S2-729178774,S2-73161094,S2-738906877,S2-740975299,S2-744873764,S2-77278822,S2-802514766,S2-803184401,S2-826339786,S2-844739727,S2-867056723,S2-882860335,S2-910935535,S2-915606611,S2-956167490,S3-101868272,S3-129957298,S3-206982972,S3-258133240,S3-259114990,S3-308256040,S3-327010495,S3-361084318,S3-370714725,S3-374913708,S3-377655553,S3-388265803,S3-408846158,S3-418290306,S3-427730771,S3-428563288,S3-457917573,S3-495782879,S3-528902337,S3-53851282,S3-551261223,S3-560080574,S3-560490427,S3-626776250,S3-627189253,S3-644852293,S3-646844649,S3-653647910,S3-669607927,S3-699841329,S3-701311109,S3-707720142,S3-739952447,S3-759108636,S3-759430163,S3-787037955,S3-797936801,S3-802781022,S3-813769182,S3-861308790,S3-867012587,S3-892209487,S3-935099733,S3-945636199,S3-966467003,S3-972448148
S1-500841209	
S1-855787505	
S1-277072715	S2-446328301,S2-9236175,S3-648220631,S3-685866787,S3-968286433
S1-269656551	
S1-356020591	
S1-627144525	S2-315417107,S2-648023518,S2-741755112,S3-137991178,S3-439699694,S3-589774462
S1-514155563	S2-110840910,S2-113883487,S2-127868998,S2-152950850,S2-161883576,S2-169480237,S2-189202002,S2-222910306,S2-223661524,S2-23728616,S2-252130764,S2-25624540,S2-262584992,S2-268605309,S2-268971855,S2-290161185,S2-300720438,S2-304930221,S2-307662957,S2-310362858,S2-314802558,S2-349232715,S2-356135990,S2-35818144,S2-361545182,S2-365096757,S2-371647827,S2-37384053,S2-378857874,S2-38696758,S2-389471000,S2-413093227,S2-425417786,S2-430530857,S2-43275453,S2-459806358,S2-468315976,S2-484577606,S2-537837655,S2-538812525,S2-541004230,S2-556405995,S2-557966972,S2-558908766,S2-56606831,S2-57476874,S2-575654513,S2-588208799,S2-589570940,S2-59233011,S2-627077990,S2-632311719,S2-649927087,S2-668189279,S2-677907136,S2-696312862,S2-708749688,S2-716244974,S2-723214357,S2-730362318,S2-73503458,S2-744091930,S2-744976354,S2-74724236,S2-751874107,S2-752079811,S2-758392845,S2-761557906,S2-782630820,S2-798926895,S2-822726122,S2-825044729,S2-835982254,S2-839771912,S2-840596005,S2-85200192,S2-860988596,S2-879695630,S2-883721098,S2-892848561,S2-893216859,S2-896458432,S2-899767421,S2-906223353,S2-914609665,S2-915986620,S2-916345423,S2-929708969,S2-93128222,S2-941421676,S2-942093885,S2-94534949,S2-947518937,S2-955895802,S2-961604507,S2-967137595,S2-980895130,S2-998199484,S3-100182470,S3-10889589,S3-113691160,S3-115328607,S3-122049832,S3-131425131,S3-133126560,S3-141809034,S3-150945400,S3-152255866,S3-165258327,S3-189175782,S3-214039211,S3-224417409,S3-229519117,S3-231948931,S3-238444775,S3-251727097,S3-257710477,S3-266400063,S3-284714096,S3-337845736,S3-339238808,S3-350836296,S3-354287361,S3-374983573,S3-396164639,S3-414413999,S3-436296085,S3-436976111,S3-478840633,S3-488868527,S3-489351465,S3-490303221,S3-493933645,S3-511293810,S3-513926363,S3-538368782,S3-53911281,S3-547015682,S3-54908638,S3-555286550,S3-557764099,S3-568581350,S3-570259660,S3-575423569,S3-595492997,S3-596923297,S3-597367705,S3-609680651,S3-614751476,S3-615342870,S3-61916122,S3-623840442,S3-632359058,S3-642673563,S3-646715438,S3-6639846,S3-67290876,S3-680618024,S3-68427376,S3-69677920,S3-705859378,S3-706253801,S3-707591728,S3-709028500,S3-732834874,S3-752137533,S3-765387959,S3-789319566,S3-795413914,S3-801355401,S3-812140899,S3-816479985,S3-827454006,S3-831053493,S3-838921805,S3-844278111,S3-854430648,S3-878246823,S3-885348069,S3-889212215,S3-889834462,S3-916263302,S3-92033442,S3-931959110,S3-972495165,S3-990110387
S1-942221484	S2-575424170
S1-966462381	
S1-681392030	
S1-492467148	S2-207135650,S2-368448781,S2-407011516,S2-432259596,S2-435579386,S2-460397909,S2-520687414,S2-550762002,S2-579622684,S2-612586077,S2-670780310,S2-706649847,S2-748576053,S2-75141004,S2-762407749,S3-178421278,S3-17955028,S3-180714934,S3-185927583,S3-199092231,S3-213205133,S3-226928049,S3-371017556,S3-402161459,S3-40668158,S3-500200008,S3-721528304,S3-759575932,S3-81209200,S3-86474249,S3-86476324,S3-994794351
S1-791867209	S3-698772725
S1-951599976	S2-227003925
S1-315450523	
S1-666876590	S3-644650299,S3-991776952
S1-913301865	S2-871917871
S1-216181354	S2-28294847,S2-393523895,S2-498484682,S3-136614265,S3-22116727,S3-393819785,S3-540528800
S1-454111437	
S1-960158214	S3-414038428
S1-743171772	
S1-965549055	
S1-947119891	S2-167666915,S2-200370929,S2-243138095,S2-267054443,S2-302848360,S2-441230802,S2-456744133,S2-518874157,S2-537685106,S2-55088977,S2-610474397,S2-657688704,S2-710754694,S2-809174069,S2-834208402,S2-869699473,S2-888964719,S2-917773025,S2-928987636,S3-183770877,S3-220315707,S3-354537600,S3-368240515,S3-445850748,S3-486347594,S3-52199758,S3-526732434,S3-580639329,S3-596406831,S3-601906987,S3-608000041,S3-651834329,S3-688978528,S3-721567733,S3-743922937,S3-807530245,S3-821310496,S3-890841938,S3-945596136,S3-962778560
S1-511561869	S3-223470686,S3-526947744
S1-302710833	
S1-888660595	
S1-684656443	
S1-279914306	
S1-294547159	S2-285581762
S1-208973592	S3-135578226
S1-859252896	S2-13064343,S2-172805619,S2-178954206,S2-258055913,S2-317041456,S2-366086215,S2-466258036,S2-633875936,S2-676898173,S2-761626299,S2-866489300,S2-891161638,S2-90290991,S2-91871546,S3-104210865,S3-128015738,S3-205773445,S3-285014928,S3-408594982,S3-503155404,S3-558412122,S3-61177147,S3-627434514,S3-658126375,S3-677449856,S3-692392542,S3-747015098,S3-752712134,S3-780772750,S3-799531551,S3-82902231,S3-835109371,S3-9029584,S3-909537484,S3-921400032
S1-630223771	
S1-223600564	
S1-72918323	S2-12325608
S1-754175313	S3-215302754,S3-412701641,S3-657717843,S3-675498226
S1-970518712	S3-849723066
S1-366329737	S2-435833022,S2-594418258,S3-470752578,S3-845296458
S1-708796012	S2-214685818,S2-236597059,S2-258671482,S2-260948862,S2-269847114,S2-272944843,S2-274041894,S2-28055141,S2-445209588,S2-45330682,S2-59575398,S2-685474908,S2-738815187,S2-795964761,S2-85405007,S3-269228373,S3-276221542,S3-313072985,S3-506283305,S3-59735614,S3-77835735,S3-845451152,S3-848116607,S3-87840904,S3-926585461,S3-946000116,S3-986672681
S1-935703127	
S1-981414798	
S1-424529930	
S1-912508322	S2-265073681,S2-334957677,S2-361992349,S2-749136639
S1-846028981	S2-452477418,S3-277196848,S3-363878709
S1-318218643	
S1-970972284	
S1-435587816	S2-647226257,S3-361957744
S1-544301808	
S1-20267366	
S1-379918793	
S1-106221717	
S1-800482427	
S1-846529766	
S1-761874846	S3-527332992
S1-703200453	
S1-746273151	S2-107901499,S2-217368020,S2-250055144,S2-284175478,S2-297719005,S2-303934519,S2-304691831,S2-347286821,S2-358448235,S2-401446585,S2-434641827,S2-442680677,S2-446227464,S2-446562723,S2-513871100,S2-530060423,S2-580677442,S2-597044715,S2-597770411,S2-599051211,S2-675574608,S2-757494135,S2-769594899,S2-82443434,S2-904109958,S2-960631738,S2-982096799,S3-106387905,S3-177440435,S3-295565846,S3-305943421,S3-314351492,S3-319429376,S3-344685449,S3-376277282,S3-413240493,S3-491459679,S3-519770438,S3-538882911,S3-540465132,S3-594658624,S3-596022174,S3-63069888,S3-940338676,S3-993951661
S1-432962984	
S1-500552277	S3-523390882
S1-446787657	
S1-505869859	
S1-862092661	
S1-53323215	S2-319436550,S3-331121070,S3-498196171
S1-814475089	S2-150659635,S2-254060940,S2-366448075,S2-479189206,S2-580694223,S2-909354295,S2-919612368,S2-995135854,S3-275119176,S3-380625034,S3-44222917,S3-682313689
S1-451077707	
S1-448166395	S3-718780514,S3-886088195
S1-940115232	S2-492128678
S1-472232440	S2-344700160
S1-800915873	S2-12305520,S2-592882465
S1-21084577	S2-17293223,S2-19452549,S2-205084855,S2-214097925,S2-25683508,S2-291017093,S2-308561404,S2-310115593,S2-324847762,S2-369967914,S2-405897672,S2-462588920,S2-573284677,S2-591773842,S2-608036071,S2-614423545,S2-626174000,S2-630936633,S2-636011564,S2-706178459,S2-727196100,S2-747770644,S2-777884720,S2-783580230,S2-828562319,S2-839487085,S2-928773022,S2-965354709,S2-972423321,S2-980614727,S2-981514341,S2-997578786,S3-298147240,S3-33751425,S3-583793148,S3-589472315,S3-620662381,S3-644511948,S3-804642211,S3-810143324,S3-813586509,S3-955698416,S3-961512475,S3-987989164
S1-978421811	S2-702081404,S2-909888329,S3-111344397,S3-363680846,S3-37392290,S3-537541650,S3-667753587
S1-19400879	
S1-332410345	
S1-617455147	S2-111609449,S3-703899780
S1-477458226	
S1-173971969	S2-731469308,S3-34303273
S1-907635568	S2-50264131
S1-374959431	
S1-596450212	
S1-464797359	
S1-804300777	S3-157909704,S3-285573517,S3-335113719,S3-65482005
S1-305440895	
S1-145606139	
S1-368348061	
S1-46716098	
S1-557464657	S3-518867502
S1-8092452	S2-16164654,S2-180932287,S2-232887430,S2-238661101,S2-249390963,S2-291568612,S2-298827913,S2-299454745,S2-302862855,S2-317055037,S2-35803604,S2-378727974,S2-410910377,S2-440273361,S2-469194827,S2-488068789,S2-522322165,S2-530535271,S2-598413510,S2-619051705,S2-630841213,S2-631734171,S2-674979810,S2-675332101,S2-691736363,S2-73060718,S2-744523041,S2-749728236,S2-765879909,S2-835328997,S2-856131228,S2-884728231,S2-885754096,S2-944920261,S2-982254232,S3-1535680,S3-174379049,S3-18034944,S3-220843649,S3-233273012,S3-275737551,S3-309534051,S3-379618265,S3-407609131,S3-438960454,S3-517290487,S3-544126908,S3-551271002,S3-571489427,S3-639154380,S3-683699391,S3-777992779,S3-833550735,S3-866842037,S3-867423562,S3-868304724,S3-877903372,S3-90049477,S3-958259976,S3-975935310,S3-993266133
S1-216511119	S2-112749459,S2-607163022,S2-764771933,S2-77646444,S2-974834098,S3-234039030,S3-4267011,S3-717644047,S3-797877402,S3-814290926
S1-499302167	S2-177158630,S2-342862389,S2-482329388,S2-612761952,S2-944834349,S2-983740974,S3-105406585,S3-291078322,S3-329698565,S3-383843248,S3-518112400,S3-549627851,S3-554163052,S3-920805923
S1-56985694	S2-321804610,S3-531690508
S1-417526535	
S1-382435344	
S1-927651996	S2-59732064,S3-9407590
S1-613598143	
S1-6232617	
S1-491925427	S2-51368211
S1-378164861	
S1-622231151	
S1-639096068	S3-150643293
S1-269039848	S2-196023875,S2-422114847,S2-431585964,S2-509794144,S2-566921547,S2-673264114,S2-724251568,S2-855750515,S2-95364284,S3-115952072,S3-213045468,S3-320318691,S3-353063450,S3-43884575,S3-458340894,S3-470209115,S3-532851394,S3-59273248,S3-710324479
S1-408835967	S2-465211496,S3-654272727,S3-690829356
S1-111673633	S2-213964386,S2-279776099,S2-547379716,S2-585619856,S2-729573873,S3-18576866,S3-256284195,S3-303734548,S3-432187443,S3-628238969,S3-766800867,S3-964402049
S1-460845609	
S1-17506850	S2-429857278,S3-763774449
S1-68201540	S2-289059559
S1-831843558	
S1-63266922	
S1-304785953	S3-924252420
S1-740254254	S2-855309230,S2-96772358,S3-445916852
S1-836203525	S2-704413668,S3-938277822
S1-465739288	S2-586371985
S1-111065528	
S1-545601093	S3-781450721
S1-988516196	S2-100583077,S2-100806700,S2-189922548,S2-247376744,S2-280555480,S2-325259788,S2-41540120,S2-425716835,S2-445786670,S2-449441025,S2-452914600,S2-463874167,S2-57301738,S2-582691598,S2-594771834,S2-600026100,S2-604842009,S2-615207591,S2-620099755,S2-680840258,S2-720380636,S2-778231614,S2-788963981,S2-857395982,S2-91976297,S2-964244751,S2-979182867,S3-124645767,S3-137950000,S3-188386168,S3-194493515,S3-203998689,S3-20622684,S3-246571656,S3-271409577,S3-349951210,S3-357962973,S3-43207022,S3-441845754,S3-45345410,S3-491238068,S3-500691182,S3-544227223,S3-561124433,S3-590043146,S3-594065084,S3-606365901,S3-686710129,S3-727270259,S3-792196115,S3-799022278,S3-811254037,S3-811859231,S3-827185024,S3-867879765,S3-918525145,S3-941425072,S3-946634620
S1-612217752	S2-252517547,S3-268792491
S1-846542666	S2-920690398,S2-93290803,S3-682021652
S1-419483044	S2-828973635,S2-834046092,S3-120588781
S1-787617931	
S1-535605149	S2-385997449,S3-592161866
S1-848219519	
S1-899782554	
S1-498738124	S2-114695852,S2-127743636,S2-128366430,S2-13335367,S2-171487854,S2-178225047,S2-178913417,S2-215939259,S2-248118202,S2-248629624,S2-259631275,S2-281684529,S2-287244480,S2-294841191,S2-295030561,S2-310617940,S2-315121365,S2-31948478,S2-3234481,S2-334092159,S2-334284438,S2-34565630,S2-3527970,S2-362879802,S2-370788130,S2-372446484,S2-375008624,S2-380155329,S2-39653839,S2-401258002,S2-407175475,S2-416446252,S2-427712668,S2-471819907,S2-483802250,S2-493833746,S2-508125595,S2-519763003,S2-535766525,S2-56620557,S2-589512251,S2-595127169,S2-598411499,S2-610728958,S2-640609687,S2-66978796,S2-730215369,S2-737105356,S2-748584644,S2-780300313,S2-837152650,S2-841662083,S2-844729902,S2-883862098,S2-906092546,S2-91578578,S2-918614707,S2-932518810,S2-950414973,S2-964661570,S2-973178250,S3-133393393,S3-144629843,S3-156909394,S3-167990024,S3-174825885,S3-180831736,S3-203620398,S3-233021628,S3-264459600,S3-286620619,S3-288429636,S3-313846413,S3-335808578,S3-343635330,S3-347887798,S3-349865145,S3-360966077,S3-365008768,S3-429295161,S3-438160582,S3-472137030,S3-477679302,S3-50905044,S3-512121671,S3-513757853,S3-51455087,S3-536365169,S3-545469826,S3-565564706,S3-594132603,S3-600581091,S3-600836290,S3-614405295,S3-617276369,S3-66297285,S3-692955082,S3-702765365,S3-706703381,S3-708607206,S3-714195523,S3-728638303,S3-72930779,S3-75470185,S3-769313620,S3-78722854,S3-802645132,S3-806008010,S3-806982802,S3-820170210,S3-826133222,S3-832582334,S3-851046645,S3-89650130,S3-905877569,S3-925429948,S3-933558717,S3-963753844,S3-973059912,S3-974705603,S3-989018228,S3-989689688,S3-990317144
S1-748364403	S2-106086808,S2-10614934,S2-106729812,S2-10879849,S2-112268759,S2-116264783,S2-118402682,S2-118424076,S2-125636143,S2-127364553,S2-135900905,S2-141033760,S2-141312768,S2-143699404,S2-151258904,S2-151893848,S2-15480768,S2-165762859,S2-167178795,S2-167656058,S2-189607630,S2-190514921,S2-192032583,S2-19616330,S2-196644981,S2-210139688,S2-211360429,S2-212804687,S2-214774703,S2-218647689,S2-219028266,S2-225640089,S2-226042256,S2-231160586,S2-241678705,S2-245211041,S2-255075153,S2-25960167,S2-265641080,S2-27130804,S2-274998213,S2-281157747,S2-291294235,S2-291360762,S2-298563771,S2-303473462,S2-312084389,S2-314506681,S2-315697965,S2-322239048,S2-33353570,S2-340295812,S2-363464403,S2-367419317,S2-387160313,S2-38982901,S2-403097971,S2-405768279,S2-40796010,S2-415884925,S2-427928700,S2-428309385,S2-428497546,S2-429832529,S2-436175202,S2-452445818,S2-458457493,S2-464702128,S2-473210093,S2-474650226,S2-481227149,S2-483542093,S2-485399320,S2-511188067,S2-514401082,S2-521785445,S2-525424869,S2-535588891,S2-538867791,S2-541625183,S2-542077103,S2-551966130,S2-562817866,S2-570842259,S2-571849235,S2-57274147,S2-573296540,S2-582008234,S2-584225984,S2-585949216,S2-58640130,S2-603869291,S2-613542572,S2-616176147,S2-626305715,S2-628945529,S2-631296397,S2-631997355,S2-632130705,S2-632171567,S2-633383009,S2-637473265,S2-640675466,S2-642034235,S2-644778871,S2-656255672,S2-670367786,S2-671840935,S2-680395482,S2-691153746,S2-697876076,S2-720829043,S2-722765207,S2-72327568,S2-737701395,S2-73969120,S2-753549195,S2-756264345,S2-761912078,S2-765639763,S2-769034168,S2-771222080,S2-772563321,S2-776481024,S2-779981244,S2-783336041,S2-784194000,S2-792362413,S2-792608996,S2-794773138,S2-798854096,S2-813516658,S2-820178133,S2-820703970,S2-825100217,S2-8366407,S2-841238827,S2-850544105,S2-851833601,S2-853642497,S2-855044116,S2-85638469,S2-859210720,S2-859827307,S2-86528212,S2-865655126,S2-875566293,S2-878307034,S2-891352720,S2-891777918,S2-89246392,S2-899838458,S2-907670412,S2-90787007,S2-911609949,S2-925387755,S2-926340748,S2-932276148,S2-954058222,S2-958866906,S2-967484529,S2-968947180,S2-981362374,S2-983567602,S2-988421894,S2-992148468,S2-993241065,S3-110903487,S3-111600938,S3-11412960,S3-123585837,S3-130902491,S3-132532863,S3-145544293,S3-158134469,S3-175616236,S3-176376697,S3-183938237,S3-185590026,S3-187526689,S3-192474458,S3-198104672,S3-198366040,S3-199986890,S3-201111896,S3-208626844,S3-215592800,S3-224428337,S3-224839554,S3-228857087,S3-234516115,S3-238213623,S3-239933066,S3-241664846,S3-244484776,S3-248162259,S3-257237144,S3-266914701,S3-267899039,S3-270487414,S3-276943811,S3-287550859,S3-290926130,S3-297145261,S3-303097441,S3-308293169,S3-310518866,S3-311503927,S3-313218338,S3-318801747,S3-33381851,S3-337685866,S3-338940988,S3-339099103,S3-34709014,S3-348020621,S3-350851147,S3-355249853,S3-355553997,S3-361629300,S3-372551829,S3-379761960,S3-380454831,S3-383874550,S3-387134912,S3-414115347,S3-418930295,S3-420571800,S3-427316225,S3-429142818,S3-429161918,S3-43533414,S3-444196751,S3-445502241,S3-458451916,S3-458963892,S3-463754252,S3-479680207,S3-481952771,S3-483310669,S3-491637359,S3-513489664,S3-528090522,S3-543255270,S3-54746675,S3-548181228,S3-554353115,S3-556552897,S3-581938806,S3-584319290,S3-592810031,S3-600181094,S3-615970848,S3-623710978,S3-624117993,S3-633984731,S3-649195519,S3-65523498,S3-660219888,S3-660516057,S3-667710678,S3-685786223,S3-699135903,S3-701301050,S3-705032180,S3-70512447,S3-711222350,S3-71188718,S3-714530278,S3-717569002,S3-722327785,S3-730218924,S3-749230093,S3-755784894,S3-765923574,S3-766283611,S3-777142326,S3-782067304,S3-783640847,S3-783690671,S3-791209187,S3-794763084,S3-79744840,S3-803129659,S3-804944426,S3-809594606,S3-825340551,S3-832786802,S3-832918360,S3-834166358,S3-836456487,S3-849044195,S3-851633757,S3-855431270,S3-860609768,S3-863132871,S3-864371143,S3-871163499,S3-872545734,S3-882422437,S3-884171372,S3-884609959,S3-910685491,S3-914186976,S3-921183057,S3-926341248,S3-934983029,S3-936390214,S3-945369813,S3-94765311,S3-955012708,S3-965598094,S3-978535361,S3-980963940,S3-98198731,S3-986820881,S3-992078741
S1-622557613	
S1-155027115	
S1-417074218	S2-704044038,S2-793741811,S2-985383588,S3-218077216,S3-27087976,S3-354523128,S3-491434447,S3-663680510,S3-679919209,S3-692420130,S3-993935556
S1-63975497	S3-272084888
S1-122492157	S2-171467783,S2-215359906,S2-627886894,S3-6745639,S3-909543033
S1-483281264	
S1-140525226	S3-968874840
S1-616755144	S2-137364740,S2-139524915,S2-155684628,S2-161591308,S2-181420483,S2-202903059,S2-236755256,S2-251238808,S2-267518440,S2-308644224,S2-313243230,S2-316361052,S2-376342044,S2-381716677,S2-39512525,S2-40557437,S2-407773083,S2-413305830,S2-415026219,S2-433290966,S2-487580676,S2-489321246,S2-500904340,S2-508536333,S2-542758035,S2-545725043,S2-547317854,S2-565971042,S2-571175080,S2-576224610,S2-590947927,S2-643312561,S2-670479800,S2-681918248,S2-705210234,S2-710387888,S2-712136057,S2-740225005,S2-756226249,S2-762291385,S2-766832324,S2-776860691,S2-779074654,S2-793003519,S2-796110086,S2-808644518,S2-816541986,S2-825087427,S2-840717263,S2-862775716,S2-889936587,S2-908661509,S2-90907626,S2-93136055,S2-938030705,S2-938930043,S2-943291184,S2-98982833,S3-103362776,S3-105322482,S3-112291475,S3-113039445,S3-113117616,S3-134892573,S3-134924268,S3-137951806,S3-154872741,S3-163527979,S3-186722660,S3-198023627,S3-199494369,S3-213525427,S3-224966909,S3-239158500,S3-261426706,S3-26688757,S3-272062211,S3-306944624,S3-323876923,S3-328330417,S3-334278583,S3-378439461,S3-388035252,S3-389359956,S3-399259488,S3-417366298,S3-437252919,S3-438892522,S3-439415269,S3-450680035,S3-463076427,S3-512789922,S3-516900972,S3-539603931,S3-555480082,S3-573360746,S3-601457304,S3-613815982,S3-641400296,S3-653145437,S3-658643722,S3-675648038,S3-68398399,S3-686022359,S3-728687208,S3-747554917,S3-749212709,S3-77427850,S3-779844215,S3-783313380,S3-804957669,S3-820252526,S3-839252208,S3-839305391,S3-849181108,S3-852912939,S3-862254475,S3-877539736,S3-960310640,S3-969537644,S3-972451585
S1-527727380	S3-764524412
S1-387694500	S2-154411307,S2-174387552,S3-109057836,S3-773871527,S3-869316720,S3-909785792,S3-934608101
S1-664267481	
S1-798970125	S2-253395504,S3-640319656
S1-840279529	
S1-624514617	S3-158328543
S1-557783855	S2-582700680,S3-136036808,S3-170302200,S3-388446593,S3-51341744,S3-527248159,S3-571364772,S3-63579854,S3-827164248
S1-187558029	S2-104416055,S2-284188939,S2-313482559,S2-380358125,S2-544354907,S2-550512578,S2-662732491,S2-685871358,S2-687927497,S2-748456528,S2-836093560,S2-83792737,S2-909810408,S2-954987621,S3-164816690,S3-169019472,S3-229064429,S3-2425197,S3-45623660,S3-49836278,S3-538756184,S3-545928828,S3-594730476,S3-602322382,S3-71175437,S3-791243160,S3-867552832,S3-91493832,S3-969063565
S1-737635669	S2-114890688,S3-465835526,S3-795079897
S1-499566732	
S1-669754446	
S1-356319224	S2-129675582,S2-157755469,S2-159663090,S2-160638098,S2-168814754,S2-171001772,S2-175754028,S2-189452226,S2-201364982,S2-219309623,S2-255426727,S2-258487160,S2-286704626,S2-293340145,S2-294836189,S2-298175908,S2-29830450,S2-305280163,S2-316294001,S2-37213800,S2-391943962,S2-393259602,S2-403734081,S2-40634499,S2-408233415,S2-414847560,S2-42439460,S2-434376860,S2-435170686,S2-454990661,S2-494766634,S2-517246937,S2-529665566,S2-54825273,S2-551502833,S2-608703616,S2-608929184,S2-625824699,S2-633760579,S2-638361571,S2-6660607,S2-693898767,S2-69996430,S2-705583365,S2-726193863,S2-733086943,S2-737725843,S2-739754705,S2-739798502,S2-746306857,S2-753343506,S2-75432467,S2-78088571,S2-796379432,S2-835183890,S2-846937172,S2-858712799,S2-880364894,S2-88703135,S2-892480644,S2-899279235,S2-936298762,S2-964605703,S2-975292954,S2-98270198,S2-996014636,S2-996388564,S3-111004574,S3-115853377,S3-143254565,S3-156746749,S3-162871742,S3-190234551,S3-191089014,S3-194987068,S3-202042181,S3-219319881,S3-225969369,S3-231374064,S3-245015357,S3-257653921,S3-276775250,S3-278762346,S3-29434015,S3-302183769,S3-304767884,S3-345296336,S3-346797115,S3-349918926,S3-368806582,S3-371044706,S3-377929415,S3-385761419,S3-388377066,S3-391982603,S3-418453371,S3-423924760,S3-433790387,S3-438752854,S3-448031232,S3-452198499,S3-462029696,S3-503430681,S3-508722155,S3-543856877,S3-550134789,S3-554540835,S3-673802877,S3-67445545,S3-676529474,S3-698466781,S3-706364004,S3-741776146,S3-744977988,S3-746235732,S3-749760459,S3-759611800,S3-768408269,S3-778518322,S3-781325168,S3-798599339,S3-801577452,S3-810532183,S3-826454275,S3-890680105,S3-893372784,S3-901102054,S3-904416098,S3-909411105,S3-951498035,S3-984796274,S3-985923482
S1-176550551	S3-74577378
S1-551688195	
S1-698189395	
S1-116737194	
S1-136894582	
S1-342754370	S2-185366343,S2-589548802,S2-872621989,S3-109574892,S3-236085421,S3-515942681,S3-546640236,S3-723838499,S3-890668606,S3-897327370
S1-567349457	S2-29491130,S2-497723326,S2-663233549,S2-696277035,S2-718654668,S3-486788739,S3-565190357,S3-637608200,S3-688824692,S3-948728875,S3-950721795
S1-468339122	S2-818289538
S1-615455408	S2-41001596,S2-579204842
S1-971115873	S2-52896949
S1-260530670	S2-958874359
S1-848777360	
S1-705961596	
S1-685073108	
S1-974991176	S2-673040435
S1-297525707	S2-693075819,S2-842834434,S2-892805778,S3-10106799,S3-180003275,S3-384369879,S3-481545167,S3-632940287
S1-764937251	S3-779286395
S1-915022305	S2-133425472,S2-194936804,S2-250464487,S2-304958036,S2-336247021,S2-338311773,S2-350175740,S2-381024709,S2-410187650,S2-471228705,S2-476656564,S2-493762367,S2-508592991,S2-509539809,S2-517923766,S2-559312334,S2-573275165,S2-585103315,S2-605795912,S2-648226994,S2-651563508,S2-657644794,S2-665650200,S2-671955060,S2-702874840,S2-726454636,S2-744834435,S2-832844757,S2-867499074,S2-916180404,S2-929071720,S2-978841419,S2-998032106,S3-106314036,S3-152550817,S3-181024636,S3-188448200,S3-208889684,S3-254424084,S3-262525713,S3-26503814,S3-274645693,S3-316469623,S3-321382871,S3-323490053,S3-358172584,S3-364817285,S3-492747241,S3-504835197,S3-509322162,S3-528469948,S3-554423707,S3-584602284,S3-592276968,S3-620251942,S3-656401882,S3-659578486,S3-695642565,S3-702231882,S3-723495975,S3-740277238,S3-815920860,S3-857635425,S3-901108766,S3-915713564,S3-963236376,S3-971210972,S3-973627280,S3-991029886
S1-16609748	
S1-281051556	S2-717396610,S2-92381673,S3-41844222
S1-231271132	
S1-536948776	S2-769315859
S1-241686597	S3-623309888
S1-684505968	
S1-835425265	
S1-580966525	
S1-945468839	
S1-386654734	S2-186159524,S2-376883607,S2-496224610,S2-912866463,S3-654673334,S3-721007033,S3-970629212,S3-98933429
S1-579617619	S2-110953805,S2-128442723,S2-193468776,S2-216329752,S2-217466621,S2-307706467,S2-327176494,S2-36806750,S2-419974646,S2-431390654,S2-435445475,S2-509794852,S2-526071353,S2-545864839,S2-546081558,S2-553296506,S2-578795274,S2-583461247,S2-605197961,S2-658328832,S2-665995798,S2-67807623,S2-721316408,S2-743067331,S2-753433036,S2-773142696,S2-774143573,S2-783177864,S2-8086686,S2-831042025,S2-858952625,S2-86804384,S2-918702553,S2-927405730,S2-933105377,S2-943660665,S2-95024174,S2-964735224,S2-990873020,S2-993855494,S3-10652360,S3-125457927,S3-150270128,S3-168648616,S3-174170099,S3-17887971,S3-184619318,S3-207890524,S3-263567680,S3-268850183,S3-269380127,S3-291602812,S3-372113118,S3-452522771,S3-454999802,S3-458660729,S3-460460732,S3-481919647,S3-515622172,S3-533701592,S3-563915578,S3-615854837,S3-618624202,S3-643677707,S3-663812866,S3-666033563,S3-723805429,S3-724744380,S3-756243267,S3-760377374,S3-788307630,S3-841785939,S3-888523633,S3-9011027,S3-976564464,S3-981313538
S1-896836973	S2-650996664
S1-881770296	S2-148111338,S2-199609370,S2-206780116,S2-223728135,S2-250742275,S2-254930985,S2-26286663,S2-276990141,S2-308933103,S2-346405275,S2-361411674,S2-363415591,S2-365368896,S2-395002888,S2-43836290,S2-465841137,S2-549253779,S2-59510784,S2-749130225,S2-777903256,S2-78278456,S2-785124841,S2-792042873,S2-901772792,S2-920394672,S3-114127970,S3-115386446,S3-140813307,S3-239665565,S3-243194714,S3-274225796,S3-291272886,S3-29844386,S3-312373766,S3-345654330,S3-380219757,S3-403656998,S3-428336147,S3-438937095,S3-444835781,S3-457585593,S3-524934815,S3-6074742,S3-624622492,S3-669183806,S3-705393318,S3-72203824,S3-734662895,S3-793808975,S3-846557243,S3-885325477,S3-902695687,S3-985557124
S1-504059078	S3-475719743
S1-828917180	S3-652476965,S3-667380767
S1-973233920	S3-159133847
S1-451892808	S2-895956833
S1-919867800	S3-466110031,S3-6154731
S1-769172378	
S1-223621109	S2-782053769,S3-268100002,S3-472753034,S3-601665653,S3-956714066
S1-983652708	S2-265523806
S1-904479856	
S1-783021266	
S1-259452306	S2-448342228
S1-926958422	S2-480015962,S2-912057973,S3-710318619
S1-19593330	S3-823204576
S1-929809097	
S1-253986331	S2-989397932
S1-336167025	
S1-761585587	
S1-576153543	
S1-948336320	
S1-109460220	
S1-699955992	
S1-881535873	S3-235111026
S1-420936510	
S1-928237806	
S1-602775749	S2-872504799
S1-166601186	S2-117463374,S2-150828274,S2-186267525,S2-230607760,S2-25536296,S2-255540866,S2-268271366,S2-306045968,S2-344880316,S2-419211264,S2-439985340,S2-457228401,S2-462409058,S2-465036440,S2-488014779,S2-507802070,S2-516064120,S2-526629009,S2-554214146,S2-582094612,S2-596624148,S2-615126873,S2-617371208,S2-638358424,S2-643837028,S2-672967429,S2-747520536,S2-753021758,S2-760359908,S2-762852124,S2-765629999,S2-797261132,S2-849574235,S2-854510014,S2-859322156,S2-915612152,S2-933046511,S2-933471443,S2-958192068,S2-966243831,S2-970941535,S2-990477705,S3-100952796,S3-14086014,S3-357870440,S3-376229880,S3-383349133,S3-400430173,S3-411172069,S3-443519623,S3-443775594,S3-464669355,S3-478254896,S3-505218378,S3-505454784,S3-509477368,S3-551551836,S3-55331618,S3-575120273,S3-580231403,S3-653325916,S3-67245775,S3-769703695,S3-806726837,S3-813170659,S3-816203520,S3-84533556,S3-999441383
S1-139532667	S2-463164496
S1-391248994	S3-529728882
S1-217259238	S2-437860296,S2-817515442,S3-474463057,S3-633654169
S1-363414052	S2-12187,S2-133575529,S2-134863393,S2-160148359,S2-439648984,S2-486972146,S2-516795736,S2-559623141,S2-669343208,S2-81791437,S2-937538266,S3-237364220,S3-294315345,S3-333616965,S3-581270278,S3-72192172,S3-770904135,S3-808449185,S3-885929326,S3-889250377
S1-719919136	
S1-75134768	S2-561576326,S2-588582510,S2-657955474,S3-405145558,S3-418024737,S3-490663971,S3-544704937,S3-65991224,S3-739127435
S1-174758675	
S1-124712855	S2-889040389
S1-305403960	S3-339655171,S3-423544366,S3-815172147,S3-915456667
S1-615738219	
S1-925443249	
S1-635349757	
S1-300609714	
S1-743936349	S2-576715951
S1-94297591	S2-104406063,S2-25899819,S2-860643201,S3-148799897,S3-439143687,S3-815780246
S1-817802155	
S1-369711048	S2-114110522,S3-233375643
S1-501296085	
S1-967153211	
S1-300031623	S3-235512216,S3-695562762
S1-98579303	S2-166678001,S2-485676726,S2-727247663,S3-111192508,S3-214125023,S3-265855455,S3-527226423
S1-576857452	S2-185576777,S2-396772494,S2-750231698,S2-9254424,S3-319571521,S3-350564964,S3-681261888,S3-95941904
S1-121839562	S2-23421026,S2-264976198,S2-813584879,S3-42114892,S3-964587936
S1-79772943	S2-599596078
S1-694085192	S2-114138550,S2-123520872,S2-138670124,S2-138749299,S2-163973191,S2-174257914,S2-214014592,S2-250149557,S2-285119802,S2-287670855,S2-290666292,S2-304510293,S2-304618293,S2-331663789,S2-33862223,S2-345619195,S2-399419154,S2-405904845,S2-417808937,S2-424239568,S2-431896805,S2-448746485,S2-482620814,S2-52207419,S2-645565632,S2-670280805,S2-682072329,S2-689335555,S2-749310505,S2-75229071,S2-76881232,S2-794660602,S2-797205838,S2-830051141,S2-834709050,S2-843234707,S2-863740428,S2-887312863,S2-887425861,S2-909457674,S2-920270871,S2-922220010,S2-939668034,S2-944950015,S2-950235777,S2-950306280,S2-969901604,S2-983259228,S3-119362470,S3-120954348,S3-127549954,S3-210120205,S3-219940694,S3-268565198,S3-276372926,S3-294070174,S3-38487246,S3-405212202,S3-421859474,S3-433643630,S3-450544623,S3-457617498,S3-482135768,S3-491575190,S3-520918326,S3-52908401,S3-53989125,S3-549371505,S3-559032662,S3-576860885,S3-600236453,S3-604602214,S3-636313426,S3-65673966,S3-670315253,S3-670474284,S3-675618735,S3-687888817,S3-701426727,S3-730392808,S3-749021549,S3-760422614,S3-776802984,S3-812435389,S3-833384027,S3-889334557,S3-906584391,S3-911410897,S3-91713593,S3-922426597,S3-929893331,S3-943840125,S3-974798068
S1-525055772	S2-180757993,S2-224435813,S2-25172308,S2-293203584,S2-342480969,S2-377242212,S2-409595438,S2-525209751,S2-528157836,S2-548529966,S2-731705138,S2-735663191,S2-80725584,S2-848442696,S2-855857353,S2-880689802,S2-89135350,S2-897531792,S3-147658668,S3-228351584,S3-239870605,S3-257359794,S3-283602928,S3-288976292,S3-301480376,S3-314016442,S3-340365280,S3-415950559,S3-424918500,S3-425504874,S3-552779593,S3-5689591,S3-586625869,S3-596072608,S3-608789638,S3-644737958,S3-715826978,S3-800260837,S3-866440901,S3-874765374,S3-925193755,S3-935921800
S1-376690332	
S1-219548536	
S1-410701476	S2-95757467
S1-862338675	S3-489874367
S1-448345019	S2-24322829,S3-18174377,S3-410515172,S3-601602845,S3-864669761
S1-883829621	S3-691381884
S1-153055996	S3-376486220,S3-546006411,S3-877194530
S1-252433119	
S1-324674388	
S1-638466806	
S1-827102573	S2-69779611,S3-348052580
S1-989439466	
S1-3732976	S2-614982018,S3-277876534,S3-498272021
S1-31205819	S2-96055929,S3-579140349
S1-895771779	S2-10530587,S2-111076430,S2-111713480,S2-128144920,S2-155370097,S2-155903412,S2-165552284,S2-174257749,S2-196215137,S2-301601986,S2-324237595,S2-335574698,S2-370670553,S2-373920361,S2-416359473,S2-452017697,S2-458605355,S2-476781700,S2-492913012,S2-548158554,S2-570559486,S2-577932997,S2-588262803,S2-616555649,S2-629960077,S2-630619484,S2-67349779,S2-694879431,S2-728604107,S2-826197374,S2-850158478,S2-867330361,S2-870899908,S2-910426491,S2-922573378,S2-959728745,S2-978943009,S2-983294369,S2-983490472,S3-100123280,S3-10550618,S3-113579178,S3-12077546,S3-127978424,S3-137627065,S3-151461298,S3-161806836,S3-259890783,S3-279993571,S3-38606084,S3-446750323,S3-488807639,S3-515481893,S3-544995073,S3-565616082,S3-573451373,S3-603170808,S3-672608793,S3-808904704,S3-867821160,S3-910367127,S3-932412386,S3-942737394,S3-950463753,S3-954677764,S3-973347735,S3-98063596
S1-29354465	
S1-772189406	S3-357418127
S1-872627167	S3-71834999,S3-964657775
S1-173906255	
S1-566012078	S3-910121252
S1-610266870	S3-419001180,S3-623605406,S3-966245023
S1-506810298	S2-269571963
S1-162806244	S3-737408373
S1-50643392	
S1-395813861	
S1-652331096	S2-399580400,S2-736204246,S3-314696286,S3-807882229
S1-436985273	S2-10552490,S2-109419039,S2-111921642,S2-139704560,S2-140437885,S2-150739399,S2-158175258,S2-160202557,S2-191857241,S2-201638666,S2-214368452,S2-222916995,S2-223048692,S2-225610470,S2-279195008,S2-284559046,S2-32529430,S2-332728446,S2-341783580,S2-425912998,S2-45591536,S2-462731399,S2-473179137,S2-474604837,S2-511347619,S2-525993488,S2-52895161,S2-537915590,S2-541183516,S2-57234689,S2-575048107,S2-624941939,S2-632940489,S2-678489065,S2-718863857,S2-751766260,S2-780481569,S2-782997330,S2-784571361,S2-785388887,S2-802679154,S2-802763719,S2-820765680,S2-826648601,S2-830057058,S2-882236905,S2-937415581,S2-962074325,S2-963410930,S2-999458945,S3-100661493,S3-118366161,S3-191949266,S3-199593312,S3-212697919,S3-219453554,S3-219819255,S3-222391300,S3-257577007,S3-280175896,S3-280351741,S3-289098350,S3-296395702,S3-312890863,S3-339706332,S3-368644162,S3-373413264,S3-398525109,S3-410700283,S3-504441009,S3-515856905,S3-548505333,S3-581884147,S3-592135096,S3-675960162,S3-719127020,S3-727864574,S3-779582593,S3-803982956,S3-804023458,S3-868992891,S3-875479791,S3-879717527,S3-904606845,S3-914630313,S3-924563187,S3-943804567,S3-952315708,S3-960286773,S3-989111107,S3-994783878
S1-336308856	
S1-459696014	S2-402592657,S2-427059301,S3-34083922,S3-593576362,S3-617296199
S1-169008536	S2-262413931,S2-449378868,S2-49289052,S2-779728347,S3-184186680,S3-187753480,S3-290774323
S1-128347375	
S1-493363382	S3-943728
S1-457935815	
S1-924009686	S3-871457701
S1-820394674	
S1-116247627	
S1-409451774	S2-312667314
S1-270844042	S2-757963510
S1-165891282	
S1-49032225	S2-188809826,S2-191039347,S2-224281806,S2-286238,S2-522322590,S2-545672168,S2-784474091,S2-80710891,S2-934671567,S3-40499852,S3-563965977,S3-582791573,S3-682261816,S3-741175202,S3-841323391,S3-90772093,S3-971594783
S1-581797355	S3-197893491
S1-979042353	S3-360600967
S1-284710338	S2-321543680,S2-958639980,S2-989231960
S1-812886866	S2-961213841
S1-677741106	S2-474342658
S1-263481527	
S1-447103941	
S1-177375169	S3-606959953
S1-706514314	S2-165038944,S2-182563931,S2-534450951,S3-881673057
S1-352234501	S2-229544676,S3-218212591
S1-225119054	
S1-543144015	
S1-233584777	
S1-192327811	
S1-993357110	S2-102845776,S2-103360932,S2-11192193,S2-122630727,S2-132637729,S2-13419500,S2-149125927,S2-1543418,S2-160349904,S2-165176868,S2-171999103,S2-174666741,S2-181154863,S2-181235845,S2-181312685,S2-185405451,S2-189253662,S2-190027185,S2-195730452,S2-202237959,S2-202490161,S2-208228733,S2-212510546,S2-221471951,S2-232251842,S2-232487764,S2-234714639,S2-244790321,S2-246174526,S2-254157887,S2-261198690,S2-267705981,S2-281916157,S2-286272185,S2-290873573,S2-300941480,S2-31470040,S2-318364145,S2-326956218,S2-352279269,S2-372589417,S2-375271248,S2-387358649,S2-409542218,S2-418524315,S2-421233441,S2-465878555,S2-482852652,S2-485565020,S2-487678543,S2-501529708,S2-509135296,S2-522858625,S2-524214229,S2-526183471,S2-527341486,S2-546048139,S2-551983499,S2-552930776,S2-55558914,S2-559381811,S2-578160243,S2-580928669,S2-598434316,S2-616164689,S2-64018906,S2-642286640,S2-650683048,S2-662792933,S2-663815029,S2-669738940,S2-672565571,S2-686979832,S2-688614968,S2-697458559,S2-702008793,S2-711570647,S2-712455323,S2-720025416,S2-721679337,S2-73369723,S2-742471462,S2-746276588,S2-756549280,S2-78426932,S2-785913856,S2-791879751,S2-791902008,S2-797936863,S2-831896107,S2-833520466,S2-908289789,S2-909119041,S2-909710147,S2-911773924,S2-915741762,S2-92219263,S2-929952612,S2-931034294,S2-931788744,S2-935712733,S2-939801152,S2-946276027,S2-974135186,S2-974847059,S2-979096550,S2-990539678,S2-993009204,S3-103331717,S3-129362735,S3-131139989,S3-163796231,S3-164407938,S3-171339096,S3-192968985,S3-196205376,S3-201039301,S3-201675585,S3-20414276,S3-20814033,S3-213079110,S3-225977763,S3-22951380,S3-234123504,S3-238401003,S3-266170087,S3-270506204,S3-273514325,S3-277060203,S3-303712116,S3-30384344,S3-304006208,S3-309949027,S3-310143740,S3-315699311,S3-316958874,S3-320255820,S3-333907715,S3-347825224,S3-355979908,S3-366768739,S3-372709360,S3-386937353,S3-386952693,S3-409458217,S3-418872429,S3-431622562,S3-440928307,S3-446021547,S3-468566100,S3-469873560,S3-478775788,S3-48194620,S3-491506733,S3-495703830,S3-500699377,S3-510350579,S3-514564248,S3-546974478,S3-547975293,S3-551457647,S3-558870802,S3-565530752,S3-579942818,S3-581408533,S3-588884052,S3-615668885,S3-616040536,S3-62328910,S3-625555592,S3-645353521,S3-646019480,S3-647430306,S3-653540133,S3-66814902,S3-672961461,S3-717691342,S3-72649860,S3-729733600,S3-734843053,S3-753634088,S3-755365134,S3-758748733,S3-76024810,S3-765301374,S3-769064468,S3-77066575,S3-774321094,S3-784900133,S3-807285630,S3-822847522,S3-822903951,S3-846644041,S3-859217929,S3-860618494,S3-861140044,S3-878739022,S3-885715680,S3-890416391,S3-894642727,S3-91167003,S3-911866678,S3-931031127,S3-941201557,S3-947815595,S3-954655641,S3-969296610,S3-973120564,S3-981363639,S3-986150384,S3-995654374
S1-440023753	S2-868895936,S3-226050299
S1-854319024	S2-283841056,S2-39890956,S3-410782722,S3-591110510
S1-86094936	S2-136125397,S2-247406438,S2-490946837,S3-702489695,S3-888816403
S1-981904067	
S1-832211747	S2-248395912
S1-488506845	S3-147695770,S3-912712047
S1-654697159	
S1-739195544	
S1-559551054	S2-755202703,S3-506079036
S1-580254632	S3-934113203
S1-405795474	
S1-765456522	
S1-55333937	
S1-876256279	S2-480801123
S1-651095976	S2-962975572
S1-522840559	S3-591927566
S1-601945198	S2-82157046
S1-757082720	S2-488863283
S1-590134263	
S1-842497118	S3-650377695,S3-829576525,S3-894080260
S1-326704888	S2-566328332
S1-4869416	
S1-720468760	
S1-93806322	S2-289620962,S3-283288944,S3-378989113,S3-565336968,S3-750430827,S3-753590417,S3-868888530
S1-16642923	
S1-951871591	S2-838616809,S3-525040161
S1-665355186	S2-243733605
S1-953470089	S2-427719916
S1-464105135	S2-147990164,S3-138537298
S1-272091966	
S1-675959550	
S1-716442915	S2-254363941
S1-657025372	S2-376438059
S1-958577120	
S1-606480359	S2-492872776,S2-891377520,S2-991147730,S3-331505282,S3-402527310,S3-423059957,S3-882535417
S1-378652653	S2-573379816,S2-649954957,S3-21825612,S3-254071555,S3-915506551,S3-948577469,S3-96582083
S1-24519478	S2-266541399,S2-314215099,S2-489058858,S2-816613737,S2-819766832,S2-84021012,S3-142163889,S3-289026853,S3-455176546,S3-462126525,S3-746627470,S3-78735904,S3-8962643
S1-539197690	
S1-977704542	S2-103784770,S2-627991271,S2-742488772,S2-761707065,S2-76603240,S3-341747145
S1-338840619	S2-117926304,S2-137739298,S2-148209576,S2-167722246,S2-175765936,S2-180566839,S2-182713602,S2-185618137,S2-190139941,S2-195631055,S2-197844465,S2-218003429,S2-218423491,S2-222712022,S2-23227025,S2-2502651,S2-285358473,S2-286587580,S2-304546541,S2-305739616,S2-32179041,S2-331848978,S2-334412080,S2-356643080,S2-36061379,S2-367431455,S2-381406305,S2-383187963,S2-427469932,S2-430902981,S2-433285308,S2-437603778,S2-450369607,S2-453107739,S2-461739990,S2-463500056,S2-49268162,S2-494332750,S2-501173631,S2-513758064,S2-518262081,S2-582129604,S2-607016796,S2-609790655,S2-613056287,S2-615090149,S2-617576783,S2-617975221,S2-618545770,S2-634773433,S2-652706542,S2-660054379,S2-673838749,S2-69532401,S2-699036590,S2-735043347,S2-735493853,S2-783066940,S2-786953427,S2-787446662,S2-793087928,S2-79739426,S2-797624642,S2-800551445,S2-803733939,S2-806706859,S2-821359494,S2-846251467,S2-850436614,S2-856361785,S2-860199444,S2-8631005,S2-879528677,S2-913504672,S2-914655870,S2-93252860,S2-932788917,S2-940912900,S2-942023530,S2-945817477,S2-952002480,S2-967210535,S2-971361438,S2-9854522,S3-124869678,S3-143305316,S3-147731670,S3-15619751,S3-158385174,S3-179751729,S3-185570990,S3-193829070,S3-19563846,S3-222355748,S3-22601460,S3-253186501,S3-263474524,S3-28285447,S3-301919597,S3-304944115,S3-320769760,S3-322051235,S3-328457129,S3-338428046,S3-353184477,S3-357163488,S3-371046403,S3-372897634,S3-382413557,S3-393257845,S3-403921122,S3-439748748,S3-440576025,S3-452108325,S3-46757596,S3-474412925,S3-487767995,S3-521225569,S3-536577588,S3-542917163,S3-553833302,S3-553985252,S3-559164265,S3-562798524,S3-565370387,S3-577199805,S3-583177166,S3-653793192,S3-659854408,S3-667770240,S3-668590059,S3-677643011,S3-684150135,S3-688896056,S3-689902206,S3-720814666,S3-731428382,S3-781546931,S3-782180054,S3-784716449,S3-786597431,S3-807716385,S3-80914890,S3-811106856,S3-819833514,S3-850605126,S3-86275251,S3-886897252,S3-890680012,S3-921558975,S3-928472460,S3-929152989,S3-935435290,S3-942024604,S3-943402879,S3-945352112,S3-947785926,S3-948783678,S3-948807186,S3-955055688,S3-987477390,S3-999273583
S1-170960991	
S1-152967828	
S1-13859063	
S1-152217425	
S1-113241674	
S1-711682948	S2-264493768
S1-284209086	S3-323666433
S1-537478269	S2-735389456,S2-987216132,S2-989760343,S3-867360255,S3-910717725
S1-208550511	
S1-632136965	
S1-133868991	S3-535247730
S1-684878299	
S1-281356776	S2-576368250
S1-40830766	
S1-89093509	S2-913044559,S3-757261293
S1-954595905	
S1-287666599	
S1-952988982	S3-729037818
S1-349873839	S2-384850656,S2-776841123,S3-81632246
S1-279661956	S2-391115896,S2-439432962,S2-471388738,S2-580630437,S2-664151971,S2-741461649,S2-744601960,S2-9447533,S3-132983016,S3-183286775,S3-22157500,S3-254639992,S3-28587158,S3-352871402,S3-428285824,S3-500276865,S3-51552292,S3-60553191,S3-626171208,S3-830694980
S1-353948236	S2-729275616
S1-126927804	S2-783534917,S3-159210059,S3-360907122,S3-874429397
S1-627443733	
S1-280818643	
S1-974716750	
S1-85500745	
S1-452308590	S2-112862108,S2-187302068,S2-368229696,S2-416606688,S2-556471383,S2-562554230,S2-569953636,S2-625114194,S2-633712296,S2-770901031,S2-775464849,S2-907964050,S2-915075425,S2-954984913,S3-156595561,S3-172485866,S3-399313596,S3-424657732,S3-572818915,S3-587919399,S3-648698544,S3-727255403,S3-83725154,S3-840115393,S3-872652637
S1-330281696	S2-171193711,S2-385920115,S3-109752644,S3-321307624,S3-363773851,S3-676395795,S3-774594710,S3-973666074
S1-75862106	S2-148853716,S2-166138213,S2-19702599,S2-239019645,S2-261517576,S2-348908160,S2-356327350,S2-364428812,S2-393579603,S2-406133578,S2-529439701,S2-570358252,S2-572265380,S2-610185170,S2-619679742,S2-706652234,S2-712920894,S2-786713489,S2-787277461,S2-853310444,S2-920832726,S3-107862570,S3-262263244,S3-314552686,S3-328919705,S3-618447606,S3-717823700,S3-777551515,S3-824713711,S3-826620563,S3-932360163,S3-986998675
S1-763496609	S3-251724212
S1-631165181	
S1-737977090	
S1-987994833	
S1-512288351	S3-535613934
S1-198026451	S2-346964969,S2-678467252,S3-5435090
S1-493059116	S3-310087219,S3-955189510
S1-708417088	
S1-548116192	S3-57815269,S3-864592209
S1-74901450	S2-871137109
S1-19868030	S2-73495217,S3-37842464
S1-460136045	S2-31733798,S3-157024149,S3-195160581,S3-41102482,S3-547332946,S3-569356952,S3-615140416,S3-672387025,S3-770084901,S3-87465625
S1-332388880	
S1-792880767	S2-62881940
S1-457615425	
S1-396759763	
S1-944430830	S2-39873745,S2-520815065,S2-524971038,S2-535121731,S3-178808535,S3-20212779,S3-470530000,S3-575032734,S3-613975561,S3-844617230,S3-97712388
S1-90032658	S2-121818654,S3-127532821
S1-483140947	S2-262678731,S3-227781677,S3-974800736
S1-566183725	
S1-756304715	S2-155162317,S2-786628048,S2-799980063,S3-123207010
S1-306095185	
S1-387418200	S2-44605224,S2-836870603
S1-500998121	
S1-362880192	
S1-932539298	S2-857467191
S1-98168281	
S1-839067903	
S1-572490154	
S1-545582895	
S1-444149322	
S1-232999426	
S1-402046621	S2-137895583,S2-137910965,S2-139160253,S2-140883677,S2-143810251,S2-151088266,S2-174535225,S2-176800438,S2-181554389,S2-186437461,S2-192300325,S2-192380941,S2-230942129,S2-252549726,S2-25371933,S2-27267621,S2-273123255,S2-275981531,S2-278474318,S2-289006677,S2-291353410,S2-29456434,S2-303155539,S2-311372511,S2-322679349,S2-324117010,S2-324789013,S2-327607934,S2-344747796,S2-351661738,S2-372202727,S2-376152570,S2-388371145,S2-404846770,S2-407943134,S2-41398326,S2-42014526,S2-454521894,S2-466378217,S2-471000194,S2-478212863,S2-488441105,S2-50064185,S2-516603916,S2-518568680,S2-521096298,S2-523181782,S2-525989030,S2-562117838,S2-563768335,S2-563884992,S2-568010979,S2-580436320,S2-583374899,S2-587816607,S2-598121022,S2-598638345,S2-614097396,S2-639751496,S2-645537857,S2-656231725,S2-657092482,S2-666624128,S2-675011356,S2-694851126,S2-707014878,S2-707467093,S2-709041107,S2-711237922,S2-718645422,S2-724669420,S2-733957662,S2-735503646,S2-763616793,S2-773209266,S2-773327153,S2-777673162,S2-801086226,S2-805564344,S2-818864015,S2-821728063,S2-82660327,S2-830130244,S2-835037942,S2-858514136,S2-859276699,S2-86857368,S2-870382423,S2-877522655,S2-885023391,S2-898851903,S2-905424026,S2-927343893,S2-930026966,S2-930609440,S2-939769856,S2-941511877,S2-996590895,S3-106356615,S3-107385118,S3-113796148,S3-125243966,S3-129719961,S3-132394808,S3-135449479,S3-153355688,S3-155581458,S3-159388865,S3-169372281,S3-195957755,S3-24139231,S3-251089560,S3-25648382,S3-262046997,S3-267978392,S3-271607993,S3-308906802,S3-309114633,S3-327058474,S3-34351802,S3-351596395,S3-361573597,S3-378534692,S3-41333270,S3-417452246,S3-419247913,S3-419682906,S3-430142324,S3-431818264,S3-4479658,S3-454169329,S3-460511944,S3-467048794,S3-469204718,S3-495434977,S3-495577515,S3-499435877,S3-510577299,S3-52771141,S3-535839451,S3-553837709,S3-563475023,S3-585183405,S3-590663563,S3-624973474,S3-638522503,S3-668286720,S3-676230188,S3-690144233,S3-690189255,S3-694569140,S3-69753193,S3-709552202,S3-716981777,S3-717692315,S3-718953315,S3-719751214,S3-741101561,S3-757819104,S3-764412909,S3-777302848,S3-780149884,S3-79927741,S3-800961903,S3-813048168,S3-813613007,S3-81698675,S3-824846109,S3-826004907,S3-84959634,S3-853117495,S3-859872650,S3-869449184,S3-872423594,S3-878346843,S3-8843897,S3-886479066,S3-914474312,S3-924272969,S3-940921133,S3-942169846,S3-954105363,S3-977135612
S1-323747485	S3-610369855
S1-780502827	S2-143254520,S2-227861245,S2-444182382,S2-445741768,S2-553141481,S2-643970568,S2-676299590,S2-686277208,S2-723261550,S2-736268459,S2-808689755,S2-829926566,S2-871153493,S2-934837425,S2-99435400,S3-151258884,S3-226960314,S3-245089829,S3-444143437,S3-581252945,S3-639279289,S3-684939649,S3-705984473,S3-708249225,S3-740867022,S3-792337541,S3-984020962
S1-120433302	S2-315366225,S2-35449714,S2-738929117
S1-131038804	S3-508705806
S1-436307824	S2-903016316
S1-314962839	
S1-804663373	S2-239519110,S2-33786126,S2-434932338,S2-487851280,S2-535878834,S2-727701442,S3-260317308,S3-335678375,S3-655717660
S1-760380153	S2-1991568,S3-17610758,S3-767013326
S1-820935401	
S1-562989120	S2-619841405
S1-125331877	
S1-276322405	
S1-71714945	
S1-636549603	S2-178775852,S2-244211796,S2-270361754,S2-288617412,S2-386076910,S2-392478926,S2-427734581,S2-479447417,S2-530873608,S2-590661822,S2-591794073,S2-600334745,S2-694213106,S2-720646544,S2-771461323,S2-815439992,S2-877853224,S2-882332314,S2-911165836,S2-917358548,S2-949096823,S3-271077700,S3-419682289,S3-425626000,S3-429859708,S3-45489277,S3-475432621,S3-516807408,S3-525568421,S3-62424374,S3-660004877,S3-696826785,S3-712478365,S3-731406044,S3-772012878,S3-775733871,S3-824819031,S3-847455834,S3-910832010
S1-147465602	S2-407821345,S2-496502745,S2-808488537,S2-809005474,S3-288348965,S3-354269261,S3-369098835,S3-435661182,S3-494291958,S3-553993310,S3-859180298
S1-724291976	S2-665550772,S3-296274695,S3-30982169,S3-334987064
S1-906281937	
S1-97581850	S2-386912588,S2-398384624,S2-59698739,S3-369642955,S3-482676734,S3-634326388,S3-658414834
S1-15005997	
S1-866369736	S2-436908248
S1-989125871	S3-540764595
S1-447452795	S2-839034863,S3-105554181,S3-179921574,S3-182896321
S1-698954473	
S1-701741704	S2-75964879
S1-314045617	
S1-832593986	S2-128652487,S2-153670947,S2-22458762,S2-241113961,S2-31790012,S2-331371627,S2-373295126,S2-396640290,S2-445541384,S2-462937657,S2-47428773,S2-485705223,S2-506850212,S2-59072373,S2-603345840,S2-657423061,S2-85837206,S2-859370576,S2-920359880,S2-921817293,S2-972065314,S3-191246089,S3-2444889,S3-25141239,S3-280282861,S3-334262908,S3-501758550,S3-648340164,S3-76659122,S3-850760204,S3-858673620,S3-864341114,S3-891304017,S3-92696319,S3-927617796,S3-99353064
S1-889584874	S2-352419749,S2-994448288,S3-746896221,S3-818808063
S1-926018314	
S1-90128015	S2-417056729,S2-634828192,S2-739300013,S2-95532885,S3-194534667,S3-23931026,S3-653694476,S3-808119831,S3-913125913,S3-936475929
S1-748243940	
S1-543291404	S2-4286536,S2-55394803,S2-722545494,S2-971266074,S3-109161881,S3-339136145,S3-570387158,S3-587882997,S3-687618912,S3-694133120,S3-705463599
S1-878904744	S2-145618445,S2-274132818,S2-276015201,S2-508748335,S2-518497391,S2-680601935,S2-738562005,S2-813691423,S2-905112759,S2-909744601,S2-91546479,S2-928454147,S2-940683239,S2-977784405,S3-115424379,S3-426491781,S3-533121620,S3-544964333,S3-610164296,S3-630233885,S3-712090360,S3-759050738,S3-851585697,S3-935917868
S1-778456014	
S1-887285254	S2-357039906,S3-36409185
S1-387008828	
S1-338441694	S3-148616193,S3-256270849,S3-465698998,S3-783026006
S1-407730822	S2-83018575
S1-584442364	S2-443217275
S1-590082446	S2-707349349,S3-56495330,S3-990878952
S1-629969170	
S1-883468618	S2-810478522
S1-904228116	S2-21940920,S2-279119116,S2-33340879,S2-401225621,S2-422407375,S2-484777261,S2-551972962,S2-560561577,S2-56840877,S2-586890860,S2-588587673,S2-60940842,S2-625611610,S2-661154904,S2-711172271,S2-743950960,S2-792710324,S2-819981302,S2-843259681,S2-931998564,S2-988439909,S3-170889337,S3-178855938,S3-191987917,S3-2527636,S3-265857788,S3-280028748,S3-294772192,S3-305879127,S3-335435114,S3-350815792,S3-37290277,S3-406203149,S3-438357005,S3-489455034,S3-490049131,S3-492367560,S3-619993571,S3-628246869,S3-696733706,S3-712197855,S3-718040017,S3-767601531,S3-852038913,S3-879352492,S3-887268724,S3-925277032,S3-94893528,S3-963954597,S3-969476799,S3-996218926
S1-805104360	S2-162763662,S2-75259798
S1-224534945	
S1-631840437	S3-559584807
S1-117902162	
S1-381957415	S2-173186952
S1-258353664	
S1-745976550	S2-749740915
S1-164240371	S2-116454556,S2-137449309,S2-191683077,S2-212384958,S2-226686997,S2-292525304,S2-316069728,S2-321885704,S2-362132304,S2-365383242,S2-372746065,S2-380667741,S2-429431883,S2-456783081,S2-510548658,S2-527489149,S2-529704652,S2-538629540,S2-556036858,S2-566038658,S2-580566133,S2-584866593,S2-586937287,S2-588713892,S2-600308870,S2-610408533,S2-614526233,S2-652495630,S2-653639537,S2-710612469,S2-789529163,S2-797378102,S2-802776873,S2-815087505,S2-833733511,S2-844387416,S2-853605804,S2-875879367,S2-879635709,S2-890091248,S2-890241516,S2-962030681,S2-968713593,S2-976073661,S3-104343502,S3-147090066,S3-158225838,S3-207076511,S3-20961692,S3-258225582,S3-266478254,S3-274818984,S3-290937767,S3-300049898,S3-301497938,S3-343751308,S3-348837026,S3-361413800,S3-41183257,S3-415774266,S3-437809870,S3-452772648,S3-460868914,S3-493600932,S3-52035656,S3-523892904,S3-526426999,S3-527064451,S3-534041813,S3-534640591,S3-537502376,S3-571104076,S3-572309146,S3-599906110,S3-604335786,S3-612140424,S3-648739269,S3-662612205,S3-671398336,S3-677295459,S3-680572341,S3-69927154,S3-702961294,S3-713717744,S3-719109719,S3-752920277,S3-790625647,S3-812929881,S3-850313641,S3-854510576,S3-882385394,S3-897114489,S3-954776406,S3-976883893
S1-346603579	
S1-328371553	S2-331291582,S2-498981187,S3-448042757,S3-519089645
S1-542424915	
S1-116081375	S2-320556822,S2-639843159,S2-857919718,S3-858500389
S1-956108284	
S1-599703679	S2-493073458,S3-454365443
S1-159067707	
S1-590285242	S2-873652487
S1-378978603	S2-319300693,S3-948532405
S1-730858380	S2-391022115,S2-65394735,S2-926017733,S3-482235589,S3-56223296,S3-670576122,S3-729631587,S3-791006606,S3-928584421,S3-953394835
S1-101076392	S2-11431628,S2-143316110,S2-184318257,S2-293182344,S2-323329812,S2-405820363,S2-491345903,S2-568970390,S2-573619666,S2-645450968,S2-664824324,S2-863034257,S3-110600953,S3-161338896,S3-240637925,S3-307601197,S3-33611043,S3-362900913,S3-566112801,S3-634347112,S3-74071440,S3-776111444,S3-779579759,S3-815775749,S3-828589688,S3-833746176,S3-852218306,S3-897406794
S1-635491453	
S1-148845479	S2-480666912,S2-692734123
S1-29696416	S2-240191300,S2-247731967,S2-626110866,S2-819752796,S3-695725998,S3-731983254,S3-903524830
S1-684012770	S2-724887083
S1-71172417	S3-287382200,S3-402268759
S1-8813651	S2-255519520,S2-472648141,S2-571533930,S3-127656687,S3-459172732,S3-938069261
S1-183363639	
S1-999555430	
S1-633779655	
S1-913042783	
S1-558031216	S3-638816791
S1-690538628	S3-43480099
S1-86804153	S2-544802052
S1-92768400	
S1-246225268	
S1-979509841	
S1-942087593	
S1-566485202	S2-190669059,S2-402416262,S2-464649285,S2-582740880,S2-584260599,S2-622945248,S2-66029906,S2-720833780,S2-764705706,S2-798809667,S2-885957290,S2-888495874,S2-921289838,S3-176917042,S3-209658644,S3-219004929,S3-223442203,S3-245337122,S3-310028263,S3-381302683,S3-471822704,S3-564194239,S3-588698082,S3-64719861,S3-652435905,S3-657655531,S3-669563589,S3-722800072,S3-726496673,S3-801734314,S3-827144931,S3-918192685,S3-926561005
S1-360188878	S2-162663361,S2-227618839,S2-396986718,S2-428407805,S3-342414849,S3-462040782,S3-491582452,S3-800837379,S3-937062820
S1-607646145	S2-314981779,S2-538148158
S1-422926253	S2-906882157,S3-282347594
S1-92729851	S3-116059871,S3-235238935,S3-534000299,S3-632406149,S3-75898938
S1-674558177	
S1-126393436	S2-304368422,S2-557309656,S2-606489019,S2-666215120,S2-772395542,S3-363869379,S3-465331873,S3-510233406,S3-578575002,S3-642341598,S3-949126273
S1-806365059	
S1-180523534	S2-258900347
S1-713966229	
S1-790887991	S2-332289329
S1-46049969	
S1-106691524	S2-191744310
S1-183540234	
S1-545370440	S3-105031946
S1-410040347	S2-159802029,S2-208904505,S2-219258657,S2-242450563,S2-295157925,S2-349894523,S2-362620117,S2-365645392,S2-409910382,S2-421813410,S2-543230958,S2-55463095,S2-564275605,S2-580976853,S2-601450161,S2-604128627,S2-696869456,S2-704689530,S2-71146765,S2-720960247,S2-74286261,S2-749802117,S2-754600929,S2-776808197,S2-790853511,S2-796007960,S2-820607111,S2-846257270,S2-909989223,S2-935539809,S2-961816009,S3-1293573,S3-156155501,S3-188478563,S3-194540694,S3-233776573,S3-289580082,S3-294552417,S3-350090987,S3-360815458,S3-371016739,S3-411789465,S3-430756604,S3-431765273,S3-473163214,S3-581911665,S3-58490329,S3-611169557,S3-664320553,S3-705890772,S3-722311611,S3-794807286,S3-808007449,S3-815757475,S3-838530938,S3-845353696,S3-948890363
S1-174390454	S3-756105587
S1-695737678	S2-535872942
S1-143410687	S2-585945975,S2-851996813,S3-471022502
S1-690898835	S3-893743745
S1-196054265	S2-790558998
S1-710909094	
S1-171653159	S2-99668468
S1-861378966	S2-641684012,S2-897233130,S3-10055341
S1-60629534	S2-137573698,S2-182180766,S2-238670053,S2-258728595,S2-297552141,S2-301829070,S2-304078841,S2-304094129,S2-311420273,S2-321336256,S2-324833020,S2-341591602,S2-354838646,S2-361034597,S2-402666094,S2-402963499,S2-406292225,S2-420798477,S2-452120619,S2-453426959,S2-466947799,S2-474313397,S2-497650762,S2-509666413,S2-512781420,S2-535272759,S2-538604313,S2-564189709,S2-577229703,S2-586329798,S2-597521452,S2-601910820,S2-613404925,S2-627912204,S2-649670521,S2-658011747,S2-687374012,S2-690801561,S2-703360896,S2-767857391,S2-768497130,S2-774225894,S2-779596932,S2-781992355,S2-790133099,S2-793268390,S2-796992574,S2-804730461,S2-809621154,S2-822263812,S2-849767972,S2-873023836,S2-873442016,S2-881717349,S2-886991101,S2-969331290,S3-137787347,S3-145562062,S3-14886287,S3-154979407,S3-171588101,S3-17181076,S3-181333362,S3-199603714,S3-204532427,S3-207466261,S3-210252104,S3-240805441,S3-241326686,S3-259868385,S3-262843262,S3-266020897,S3-282724180,S3-28470402,S3-297933318,S3-313207433,S3-316064006,S3-351115609,S3-386396160,S3-412324321,S3-431368982,S3-441797035,S3-477875032,S3-486946888,S3-513845138,S3-51893900,S3-527957432,S3-529532694,S3-538060062,S3-569247646,S3-58490276,S3-603751874,S3-609306281,S3-620842611,S3-629009607,S3-629969714,S3-630859509,S3-667044282,S3-667085626,S3-689147391,S3-690990561,S3-701425696,S3-708184115,S3-726744926,S3-75034937,S3-751636209,S3-786410200,S3-806850409,S3-809915610,S3-828999910,S3-840529575,S3-850522466,S3-854772836,S3-855838950,S3-878959434,S3-879082264,S3-882971351,S3-887883480,S3-895997437,S3-918085135,S3-92009006,S3-935718118,S3-938755269,S3-943037168,S3-96436751,S3-98016796,S3-989178492,S3-998379332
S1-679782609	S3-455825701
S1-150829563	S2-235216607,S2-580211432,S3-665527259
S1-986863583	
S1-67904101	
S1-552720726	
S1-531110798	S2-529698396,S3-295532766
S1-88905792	S3-927833760
S1-403028834	
S1-279014952	
S1-66101502	
S1-419304665	S2-622490934
S1-189831319	S2-177650121,S2-330698825,S2-401836945,S3-799915301,S3-986543737
S1-464514986	S2-131146590,S2-156337965,S2-323858217,S2-378997109,S2-441876732,S2-448823330,S2-454157938,S2-471816431,S2-488747950,S2-529868364,S2-588906972,S2-63448492,S2-749229713,S2-758940532,S2-760459653,S2-768304944,S2-840279359,S2-842684507,S2-844831526,S2-853564371,S2-977504828,S3-113289432,S3-131580229,S3-230625679,S3-258522271,S3-269486703,S3-302141203,S3-329214546,S3-431807164,S3-490482939,S3-496888693,S3-53403356,S3-536796318,S3-55634563,S3-598010073,S3-616893537,S3-620337822,S3-834513129,S3-835153224,S3-851511679,S3-916427214
S1-418896338	S3-144430315
S1-492793391	
S1-648894561	S2-126828811,S2-192585647,S2-292852934,S2-962852048,S3-152315790,S3-349118016,S3-604258922,S3-657220812,S3-906141247,S3-938333417,S3-976092126
S1-143671838	S3-177683105,S3-876790795
S1-851799346	
S1-804171096	S2-114535787,S2-174105297,S2-252337943,S2-309001132,S2-31326052,S2-324093435,S2-358530411,S2-405538651,S2-577913160,S2-601344030,S2-624842303,S2-644179888,S2-6839181,S2-685933796,S2-71545151,S2-734187242,S2-747468532,S2-762974035,S2-775265836,S2-802657491,S2-808683262,S2-922212787,S2-931816232,S2-971905855,S3-130799845,S3-143090877,S3-161259713,S3-170228242,S3-197769994,S3-342485616,S3-387727822,S3-429880418,S3-471720838,S3-472734844,S3-502084231,S3-511674812,S3-574665074,S3-670005634,S3-699139123,S3-758378823,S3-847255257,S3-8744897,S3-910166876
S1-751608780	S3-480624787
S1-163766842	
S1-569100881	S3-928204592
S1-104955523	
S1-291991311	S2-605384211,S3-154850409
S1-364278564	S2-108618804,S2-168637748,S2-178279399,S2-17842945,S2-205145121,S2-227173740,S2-315502023,S2-348187600,S2-379647868,S2-401057682,S2-437093408,S2-468032085,S2-481243066,S2-488185832,S2-501947304,S2-518867239,S2-550036088,S2-593721310,S2-619356510,S2-683127361,S2-778898826,S2-815481472,S2-854199468,S2-861053482,S2-87255063,S2-898951263,S2-948062570,S2-97881363,S3-118805849,S3-152059197,S3-15753983,S3-201940690,S3-262107916,S3-478842629,S3-525822198,S3-561514609,S3-56911398,S3-570652341,S3-589351319,S3-637825988,S3-65269573,S3-683837036,S3-73656791,S3-786988591,S3-832940743,S3-838431273,S3-870986033,S3-876349956,S3-895616279,S3-928761887,S3-959253395,S3-975108230
S1-965040695	
S1-509571057	S2-874755440
S1-150821320	
S1-78166516	
S1-112860356	S2-660336711,S2-796780089,S2-880282355,S3-154034175,S3-306544206,S3-345971841,S3-651103852
S1-419129929	S2-380224939,S3-801452060
S1-40045119	S3-987704465
S1-837908386	S2-106061117,S2-280526082,S2-315353318,S2-656461507,S2-802745560,S2-902215078,S2-908206698,S2-948914060,S3-22564749,S3-345115417,S3-466939950,S3-5970881,S3-8019122,S3-830327797,S3-907630015
S1-967500830	S2-11993059,S2-149218229,S2-201204067,S2-216271529,S2-224179228,S2-232280069,S2-246146413,S2-262852676,S2-305013417,S2-370867674,S2-378861859,S2-395809264,S2-40249186,S2-412392565,S2-457655426,S2-458400176,S2-481695037,S2-491209598,S2-514275346,S2-51689157,S2-56552454,S2-716005462,S2-755531027,S2-76167482,S2-788181838,S2-802342714,S2-808331599,S2-812062728,S2-812211103,S2-829886773,S2-846186541,S2-847247393,S2-867274590,S2-880035586,S2-909891320,S2-913380495,S2-983249780,S3-118246467,S3-233682356,S3-235759783,S3-243425085,S3-244129298,S3-330695791,S3-344300009,S3-352896458,S3-405308386,S3-447820822,S3-476546652,S3-498146562,S3-587828695,S3-598996651,S3-605591909,S3-6129113,S3-654799725,S3-669502574,S3-690648463,S3-717880606,S3-727097916,S3-731176603,S3-74216485,S3-748439687,S3-754100386,S3-83674179,S3-862384686,S3-950365823,S3-954473853,S3-960788153,S3-999742775
S1-718976444	
S1-304297041	S2-235923079,S2-480080780,S2-678256933,S3-12722982,S3-885658174,S3-920254896,S3-984130367
S1-177943533	S3-191166289,S3-313237894
S1-868064087	
S1-409256428	S2-212973319,S2-343307170,S2-445392213,S2-769672821,S3-769376207,S3-90992939,S3-955417370
S1-631031485	S2-193418122,S2-786765882,S3-234207725,S3-669786687,S3-830765926
S1-16807998	S2-514732999
S1-600462984	
S1-240050566	S2-103838657,S2-115353583,S2-117826515,S2-302165005,S2-352783376,S2-473231973,S2-47806900,S2-539842882,S2-562544106,S2-564377611,S2-583639000,S2-680975658,S2-926297831,S2-99392392,S3-110644764,S3-238694690,S3-30795245,S3-712198634,S3-732081353,S3-763453700,S3-886077092,S3-950275427
S1-840622396	
S1-130034572	
S1-164072881	S2-493034918,S3-198970565,S3-472773175,S3-779046844,S3-79930823,S3-942400352
S1-587645790	
S1-577250550	
S1-487652257	
S1-281725882	S3-293567226
S1-562163221	S2-825740556,S3-513060211,S3-615928619
S1-92502000	
S1-268149339	S2-486273508,S2-52103124,S2-538911360,S2-728028284,S3-417951499,S3-432520376,S3-818726307,S3-939834036
S1-667406578	
S1-908498505	S3-94823859
S1-156883486	S2-545445857
S1-368846142	S2-212087582,S2-319915303,S2-925601432,S2-977117507,S3-929447769
S1-231101064	
S1-372903225	
S1-621386822	S2-218251804,S2-237349275,S2-480699991,S2-834796227,S3-179286633,S3-299932512,S3-354522799,S3-44731232,S3-710570619,S3-794109209,S3-85594725
S1-238012566	S2-231992389,S3-532526706
S1-96384915	S2-43615368,S2-978941153,S3-267444974,S3-537319041
S1-307702274	S3-573134503,S3-802429341
S1-933356469	
S1-164830224	S2-858795480,S2-968176355,S3-386608562
S1-100405609	
S1-234407650	S2-487860937
S1-725482440	S2-663509954,S2-694489189,S3-455459682,S3-520257332
S1-192345497	S2-111037448,S2-131249648,S2-139721269,S2-166212958,S2-166629686,S2-173537861,S2-211858737,S2-21447609,S2-252232091,S2-275024099,S2-344853493,S2-39207752,S2-421334823,S2-422587497,S2-43966397,S2-460474546,S2-466082368,S2-503060972,S2-541317317,S2-596550907,S2-653681561,S2-654869228,S2-669866141,S2-687282843,S2-75468060,S2-757102457,S2-780637565,S2-791662246,S2-800975295,S2-842325635,S2-846483854,S2-918600529,S2-928189604,S2-951528999,S2-952433482,S2-95637232,S2-956768477,S3-150466992,S3-162284067,S3-16702027,S3-17264249,S3-204136739,S3-298995691,S3-319371498,S3-326515538,S3-343331632,S3-376681146,S3-377921923,S3-381282310,S3-385432178,S3-403449274,S3-443596954,S3-459087797,S3-480372399,S3-487950397,S3-489060795,S3-496267554,S3-575000087,S3-579435741,S3-579547752,S3-636889763,S3-649785962,S3-657553813,S3-729336543,S3-736364974,S3-77075443,S3-858109006,S3-861810089,S3-864351399,S3-878218550,S3-91102374,S3-92208228,S3-953200676,S3-984034609,S3-993661830,S3-994210587
S1-622515318	S2-163040146,S3-189842571,S3-229245476,S3-361447516,S3-925687815
S1-59409377	
S1-319952925	
S1-111867989	
S1-580992307	
S1-684624531	S2-323835149,S2-718031918,S2-826880389,S2-886424757,S3-859408849
S1-744424482	S3-127543142,S3-32913575,S3-933426039
S1-160617128	
S1-388951829	
S1-502282153	
S1-554328643	S3-107376097
S1-959189311	
S1-355110377	
S1-419243203	
S1-791484925	
S1-607311453	
S1-823066174	S3-949799299
S1-169036830	
S1-345107626	S2-356347077,S3-502648114
S1-748540962	
S1-277014552	S2-861409135,S2-88592036,S3-372993936,S3-427180302,S3-458737985,S3-776079376,S3-97940486
S1-912273534	S2-861590334,S2-875028305
S1-456715439	
S1-637465929	
S1-526349990	
S1-296323848	S3-287113994,S3-538333950,S3-709940032,S3-834384688
S1-547546143	S3-550084090
S1-80960427	
S1-609323033	S3-311656040
S1-523354110	
S1-231416129	S2-147206569,S2-252501948,S2-264848950,S2-531748529,S2-727950649,S2-769346711,S2-774332953,S2-852482795,S2-871915738,S2-88783296,S2-914424202,S2-946649970,S3-125554519,S3-141607468,S3-141687252,S3-153581969,S3-206778257,S3-258636698,S3-260727363,S3-299638148,S3-355836498,S3-489171975,S3-555378267,S3-600167395,S3-632577697,S3-665690866,S3-672935125,S3-675779430,S3-714885789
S1-460133008	
S1-676648395	S2-408160455,S2-591164052,S2-70813101,S2-78765286,S2-982661016,S3-70982860,S3-887927883
S1-972836911	
S1-292830915	S3-662859543
S1-51101506	S2-436785911
S1-509332273	
S1-127222577	
S1-589521969	
S1-208167915	
S1-420226248	S3-342972447
S1-512080827	S3-743745202
S1-151302070	S3-838654132
S1-670025586	
S1-529148390	S3-336669922
S1-12487330	
S1-831133424	S2-10010122,S2-116511240,S2-299650541,S2-311290774,S2-430165901,S2-458302643,S2-498737681,S2-504274780,S2-516442176,S2-546939302,S2-627169949,S2-668935218,S2-850151951,S2-867009585,S2-867844802,S2-926125961,S2-961922894,S2-967643153,S3-101685115,S3-161873497,S3-213377522,S3-265131235,S3-346471842,S3-359903504,S3-41436056,S3-525766947,S3-647054554,S3-657417411,S3-663009780,S3-698020922,S3-702074374,S3-767506729,S3-77315700,S3-832140265,S3-881513160,S3-929730165,S3-936274379,S3-945379043
S1-671445253	
S1-700600281	S2-206261754,S2-389387937,S2-605128605,S3-562636082,S3-850209366
S1-857022301	S2-212414802,S2-644360749
S1-64140802	
S1-690449852	S2-36302872
S1-391697975	
S1-486510827	S3-600304263,S3-669094084,S3-690386594,S3-871620510
S1-516705356	S3-574098164
S1-275228042	S2-11319194,S2-1167588,S2-137307108,S2-157259440,S2-262526602,S2-331170523,S2-343339748,S2-349741010,S2-358034894,S2-453580485,S2-487187500,S2-511490820,S2-552012130,S2-556488379,S2-569920242,S2-599958393,S2-621386979,S2-639840252,S2-646305909,S2-651760425,S2-689614474,S2-699784318,S2-742582916,S2-767897976,S2-826713488,S2-87098651,S2-922535692,S2-928275273,S2-982862865,S3-147220546,S3-356048935,S3-379413510,S3-418025899,S3-480146750,S3-515914744,S3-524356911,S3-528691077,S3-53100727,S3-607566665,S3-666876629,S3-715189541,S3-729675099,S3-762425308,S3-776894879,S3-831112454,S3-85301315,S3-855554852,S3-870815477,S3-914972459,S3-923463730,S3-937835975,S3-951084130,S3-959565852,S3-999657636
S1-612138552	S3-90097648
S1-571214733	
S1-906686327	S2-467328484,S2-476306993,S2-831151307,S2-924530803,S3-321682482,S3-590089755,S3-680733747,S3-995737219
S1-939880982	
S1-60980827	
S1-476385483	S2-333654899,S2-683713053,S2-930891892,S3-750466753
S1-359497386	S3-24948288,S3-66703412,S3-787205673
S1-791947968	
S1-2106291	S2-171266772,S2-274227954,S3-218489164,S3-312513624,S3-497767393,S3-506993569,S3-69936804,S3-818217754
S1-802762694	S2-887167913,S3-47560812,S3-901849053
S1-763758768	S2-263624666
S1-368557784	S3-5156599
S1-801306682	S2-194225593,S2-208345721,S2-331994467,S2-376402707,S2-395982728,S2-585531285,S2-708003956,S2-708304422,S2-798671710,S3-104499934,S3-24378999,S3-346718371,S3-570101187,S3-934990887
S1-910150597	
S1-204397870	S3-782613530
S1-853669737	
S1-170998977	
S1-72369296	S2-856062933
S1-114279394	
S1-558634684	S2-517985367,S2-674284128,S3-255208614,S3-480292832,S3-784627409,S3-957506021
S1-185338284	
S1-352005417	S2-178461302
S1-870254921	
S1-574943722	S2-830367081,S3-128042430,S3-289966701,S3-658479025
S1-829163315	S2-155967307
S1-657654513	S2-22176152,S3-711484041
S1-623261026	S2-108985226,S2-109032914,S2-109828025,S2-126183216,S2-127908329,S2-13336570,S2-134628340,S2-136391307,S2-138450752,S2-148187482,S2-167710529,S2-170791252,S2-189261509,S2-195060102,S2-201518975,S2-203543693,S2-209496581,S2-221151351,S2-221431035,S2-226795914,S2-236522160,S2-238756268,S2-239514385,S2-240526611,S2-243244058,S2-244437991,S2-258799246,S2-273134333,S2-278447227,S2-280983023,S2-285476013,S2-291860287,S2-298484327,S2-303243415,S2-307348908,S2-319156261,S2-325591498,S2-330818919,S2-331902675,S2-337342942,S2-344172324,S2-345272806,S2-369541504,S2-370692544,S2-374343532,S2-385827062,S2-388439250,S2-394075208,S2-399693573,S2-412738054,S2-416042606,S2-418024501,S2-429188312,S2-438138078,S2-444689981,S2-46396249,S2-470918220,S2-479633490,S2-488458484,S2-49373368,S2-499954469,S2-508312698,S2-515463498,S2-519293087,S2-5249014,S2-546565376,S2-558313297,S2-559185070,S2-565697065,S2-56982462,S2-583374810,S2-585782423,S2-593582889,S2-607190347,S2-611303255,S2-623615260,S2-624755567,S2-625809,S2-625985058,S2-636499443,S2-63799792,S2-6477009,S2-649897721,S2-652106481,S2-656823440,S2-656958751,S2-677611798,S2-678172951,S2-684105419,S2-687426597,S2-691655420,S2-701055165,S2-70307418,S2-711491305,S2-712607095,S2-71438634,S2-723622881,S2-73504947,S2-735171188,S2-735277688,S2-746381015,S2-74718414,S2-755046079,S2-761057117,S2-765737381,S2-76664461,S2-774919033,S2-77908634,S2-78353097,S2-783674621,S2-801932075,S2-813083296,S2-822508427,S2-82336814,S2-823837773,S2-825134729,S2-837278903,S2-853410392,S2-868421102,S2-892092328,S2-893182489,S2-901209001,S2-910390266,S2-91166285,S2-923294506,S2-924958170,S2-92829636,S2-941540192,S2-951482884,S2-958981132,S2-964761635,S2-969389534,S2-97112969,S2-974315505,S2-996044197,S3-102143125,S3-108695533,S3-109648681,S3-123027112,S3-129454211,S3-131870872,S3-132577476,S3-132765519,S3-153842101,S3-162205350,S3-162644113,S3-193095491,S3-194642982,S3-203230219,S3-211551703,S3-214441232,S3-217840311,S3-220710972,S3-230951719,S3-237100947,S3-249715302,S3-252158450,S3-255336102,S3-257586307,S3-265143084,S3-269526503,S3-278505732,S3-28198580,S3-283371159,S3-286277740,S3-293938554,S3-295752274,S3-297162548,S3-326911959,S3-377178468,S3-379722721,S3-385885826,S3-389699259,S3-398524411,S3-413113395,S3-421285777,S3-435918909,S3-463239881,S3-466091912,S3-480031842,S3-494175256,S3-494587132,S3-513185859,S3-531398316,S3-541306924,S3-573025972,S3-612386170,S3-613061357,S3-625876967,S3-643247906,S3-653481365,S3-679605353,S3-679742755,S3-680732410,S3-682027190,S3-685837244,S3-689372972,S3-713920460,S3-720498628,S3-745016453,S3-745059144,S3-751308137,S3-758888204,S3-762232043,S3-763518605,S3-768550403,S3-780895234,S3-800311175,S3-814861720,S3-820313901,S3-830280022,S3-860514544,S3-880412401,S3-88080308,S3-886341861,S3-906743337,S3-907542655,S3-937457215,S3-950565040,S3-980313364,S3-993291988,S3-994769523,S3-99787404
S1-393157555	S2-10057570,S2-126959727,S2-144310213,S2-258668199,S2-307406211,S2-328026019,S2-353817699,S2-387000265,S2-393062716,S2-448327659,S2-47519910,S2-533797748,S2-573750602,S2-582612363,S2-642301996,S2-732841741,S2-744497903,S2-768602659,S2-840171851,S3-139806077,S3-145345723,S3-189737278,S3-192502640,S3-276678375,S3-471663404,S3-593017758,S3-602914560,S3-611372403,S3-643646525,S3-680050747,S3-724440924,S3-908376458
S1-528999441	S2-125835922,S2-408187589
S1-445131173	S3-788878008
S1-906572599	
S1-720173062	S3-940995812
S1-779180246	
S1-812486340	S2-52549854,S2-595832786,S2-710451301,S3-24021924,S3-346602816,S3-511730332
S1-585692765	
S1-358447941	S2-13017582,S2-160670906,S2-169089178,S2-173929808,S2-30084538,S2-449074109,S2-541075728,S2-558996781,S2-622865898,S2-867203125,S3-166011370,S3-179847300,S3-217934702,S3-305152197,S3-345246307,S3-352430471,S3-357021660,S3-410829386,S3-415798299,S3-487196475,S3-703559928,S3-807414504,S3-885278074
S1-206894799	S2-743690792,S3-222453609,S3-297530036,S3-700441089,S3-986090300
S1-27158214	
S1-196578854	
S1-624045976	S2-546216158,S2-999029849,S3-877423115
S1-362520	S2-148561205,S2-468702497,S3-732493238
S1-463548524	S3-508470288
S1-897226407	S2-701307697
S1-645713459	S3-257026564
S1-229555888	
S1-68456921	S2-158678315,S2-406316887,S3-180491959,S3-244607113,S3-553089099,S3-5696563,S3-899169590
S1-992003464	
S1-912947277	
S1-417264639	
S1-470845482	
S1-987779515	
S1-509283665	
S1-619895264	S3-831781219
S1-17339733	S2-114151083,S2-251558083,S2-371975350,S2-384290515,S2-404507938,S2-443734222,S2-449062727,S2-523679120,S2-524437700,S2-535974822,S2-537917665,S2-564277657,S2-575975939,S2-580219358,S2-584544863,S2-639922004,S2-697227866,S2-709664767,S2-770619736,S2-788242904,S2-806567910,S2-811242997,S2-865505015,S2-907480456,S2-92304840,S3-128290536,S3-189854756,S3-264266651,S3-383143404,S3-389380336,S3-404256184,S3-526778647,S3-534112128,S3-639297551,S3-640446761,S3-652388107,S3-662713167,S3-664721355,S3-711557959,S3-780187444,S3-836424077,S3-86344499,S3-901423871,S3-93133807,S3-943743075,S3-983118723
S1-647059934	
S1-161901150	
S1-241742700	S2-604421478
S1-512634625	S2-607059727,S3-749140729
S1-37213524	S2-552384569,S2-857019862,S3-979178383
S1-916773322	S3-455464923
S1-263724589	S2-582013558,S2-827587740,S3-273939716,S3-412011468,S3-667115764,S3-680438236,S3-70097633,S3-956812064,S3-994382087
S1-734453985	S2-24120350
S1-722883348	S2-243935418,S2-371545,S2-383942215,S2-442790909,S2-501466729,S2-535083529,S2-552232525,S2-7517031,S3-110030824,S3-146414081,S3-290350396,S3-366192396,S3-373858971,S3-441104557,S3-83823321,S3-942796641
S1-309101313	
S1-266640251	
S1-619068107	
S1-706856946	S3-911606801
S1-774836812	S2-279885139
S1-452691275	
S1-277375862	
S1-110602510	
S1-770963722	
S1-341378122	S3-392501269
S1-202909837	
S1-520992658	
S1-277391322	S2-232141615,S3-76787958
S1-638110492	S3-138173442,S3-292762495
S1-844896591	S2-362218588,S2-828874718,S3-11966366
S1-245014023	S2-210228279,S3-3933554,S3-691491277
S1-790771894	S2-392820350,S3-291773026
S1-437422427	S2-175131501,S2-192559236,S2-214695303,S2-21486517,S2-303642659,S2-309477737,S2-328591883,S2-332819941,S2-33413316,S2-387790263,S2-402152771,S2-425381476,S2-450217425,S2-51461156,S2-571348444,S2-575090762,S2-578340331,S2-579128567,S2-587033229,S2-588846727,S2-612255371,S2-622288658,S2-626126824,S2-662676898,S2-711149669,S2-723295871,S2-728564926,S2-763281025,S2-847228786,S2-872586520,S2-892744162,S2-907151798,S2-92264608,S2-937755435,S2-959700168,S3-125804348,S3-126769570,S3-128190886,S3-141888660,S3-14417359,S3-152525993,S3-154266605,S3-155388074,S3-16674212,S3-178701540,S3-218052408,S3-240453932,S3-240760014,S3-264859800,S3-305181215,S3-367657110,S3-381079405,S3-404593985,S3-447034390,S3-489846740,S3-507926040,S3-536104253,S3-609837383,S3-618067263,S3-635796501,S3-652243552,S3-692776366,S3-69645137,S3-700231434,S3-80434240,S3-804698671,S3-840506141,S3-875323258,S3-905272245,S3-931199158,S3-941768411,S3-956928659,S3-958756236,S3-983876971,S3-985460035
S1-870525516	
S1-382138150	
S1-470699785	
S1-696598587	
S1-960756168	S2-135848680,S2-138986983,S2-16953375,S2-186722702,S2-21420826,S2-31609618,S2-318455797,S2-409137436,S2-427846489,S2-448901674,S2-467315435,S2-473019444,S2-476313407,S2-479189252,S2-514190382,S2-579123800,S2-65542208,S2-657615336,S2-67596631,S2-698174347,S2-752180131,S2-755317825,S2-769326463,S2-811625330,S2-832869731,S3-108375604,S3-163668779,S3-182771684,S3-191274070,S3-384218943,S3-454198731,S3-474939781,S3-549681226,S3-613381823,S3-623149366,S3-628460319,S3-698280447,S3-708414241,S3-721183461,S3-756906132,S3-768097489,S3-798592175,S3-883589643,S3-897282774,S3-898399894
S1-842881175	S2-523911840
S1-42596820	S2-34099653,S2-604595164
S1-360871186	S2-279477849,S2-349535931
S1-868335410	S3-486341594
S1-780893579	S3-174521142
S1-372897884	
S1-582550646	
S1-761888543	
S1-430842276	S2-141818665,S2-979781807,S3-386468237,S3-600800441,S3-973124242
S1-533701421	S2-839964869
S1-140574806	S2-822373247
S1-388312190	
S1-767371184	
S1-395950954	
S1-691555791	
S1-793019850	S2-218542953,S2-241451160,S2-297938658,S2-487425916,S2-499248120,S2-612851641,S2-718999314,S2-751136542,S2-986651251,S3-272317274,S3-723749077,S3-845812985
S1-975506716	S3-648770448
S1-495990882	S3-216512833
S1-666435696	
S1-129027978	S2-284101721,S2-884178938,S3-971261116
S1-922994065	
S1-623350674	S2-412909971
S1-753180274	S2-101501055,S2-122060235,S2-1304558,S2-135845910,S2-136235489,S2-147792519,S2-149566639,S2-149664639,S2-152857986,S2-152952542,S2-18231178,S2-237038454,S2-245117377,S2-249933568,S2-253883922,S2-261544034,S2-269487121,S2-281420149,S2-28644191,S2-311801728,S2-313725027,S2-320828092,S2-321459274,S2-328521482,S2-351567845,S2-368147529,S2-370295086,S2-406623806,S2-41279559,S2-429922451,S2-435433424,S2-446670881,S2-451359767,S2-454554414,S2-462231345,S2-486398455,S2-487381499,S2-502594744,S2-512004069,S2-517006456,S2-520018902,S2-525968953,S2-527327786,S2-532851048,S2-534784500,S2-540636695,S2-541199318,S2-562893963,S2-565977702,S2-574128941,S2-574714058,S2-582552766,S2-584233406,S2-59011798,S2-597474596,S2-619203426,S2-6449764,S2-677211866,S2-685886334,S2-703207745,S2-714008992,S2-717107858,S2-724907075,S2-749646957,S2-752630916,S2-758615118,S2-769891393,S2-776928298,S2-778755869,S2-798598587,S2-811672555,S2-824219285,S2-830878505,S2-831569840,S2-835063402,S2-841629337,S2-84518641,S2-875618109,S2-876567140,S2-879639318,S2-880790651,S2-890886601,S2-902471442,S2-909744971,S2-917116599,S2-944578324,S2-981542670,S2-994853698,S3-10984029,S3-115649353,S3-126112675,S3-131945817,S3-133335017,S3-163754191,S3-166669512,S3-191988714,S3-197355265,S3-21507737,S3-217539833,S3-231864782,S3-252490163,S3-263401583,S3-267403916,S3-270825377,S3-306563161,S3-312943768,S3-316027440,S3-325479875,S3-326443995,S3-348169037,S3-360748645,S3-404181498,S3-408512624,S3-409257432,S3-420486292,S3-420541999,S3-44510627,S3-460604934,S3-467871681,S3-484505900,S3-485517828,S3-488757062,S3-491927433,S3-496428045,S3-508105068,S3-512448646,S3-518489756,S3-525653997,S3-528971955,S3-531878745,S3-547071121,S3-552868267,S3-572918831,S3-575564229,S3-590382163,S3-6034127,S3-632860490,S3-636496885,S3-645076968,S3-652791119,S3-656283542,S3-675558070,S3-69547198,S3-695772312,S3-706163261,S3-740111112,S3-741792638,S3-746948830,S3-762563320,S3-767978021,S3-773881350,S3-774278909,S3-777275319,S3-791991168,S3-795080859,S3-798072091,S3-844336800,S3-863979699,S3-864237410,S3-866136760,S3-905239099,S3-906794002,S3-918739708,S3-926948155,S3-950859106,S3-955239664,S3-958349105,S3-975837958,S3-982577158,S3-990195112,S3-999045444
S1-617270478	S3-257863465
S1-334052695	S2-911332136,S3-426478702,S3-556058187,S3-557895856,S3-663536526,S3-781327400,S3-819924972,S3-949677607
S1-102971431	S2-571364052
S1-948624922	
S1-638785454	
S1-455885431	
S1-312194988	S2-277970018,S2-871279285
S1-745218864	
S1-576426786	S2-400771912,S3-153476491,S3-50750970
S1-298951977	S2-624751595
S1-380060263	S2-387663610
S1-603442937	
S1-795245610	S2-880983642,S3-655991969
S1-873852360	S2-655121577
S1-144718195	S2-103897630,S2-138156935,S2-138378870,S2-222355078,S2-258216697,S2-385979608,S2-425800392,S2-427761901,S2-476032344,S2-492581488,S2-504171959,S2-521005476,S2-562854414,S2-613621557,S2-646994213,S2-662322321,S2-720032858,S2-764895719,S2-773368758,S2-793613529,S2-810660423,S2-81280803,S2-821971787,S2-82399596,S2-84059956,S2-867691572,S2-892293556,S2-932060770,S3-152729523,S3-20811600,S3-228586099,S3-235935669,S3-236062430,S3-276876209,S3-305889993,S3-308019516,S3-311457549,S3-326772024,S3-35770024,S3-379602887,S3-433428818,S3-4643640,S3-478705430,S3-554521526,S3-594697268,S3-596570964,S3-666167021,S3-691951362,S3-724723771,S3-77518756,S3-821145833,S3-843397154,S3-880676052,S3-956789464,S3-974186753,S3-996290777
S1-518394026	S2-284317346,S3-619120884,S3-731615222,S3-784403440
S1-703428973	S3-19822299
S1-478051664	S2-129079517,S2-166553538,S2-181333556,S2-402915793,S3-258757251,S3-835979599
S1-95925372	S2-107110980,S2-168882116,S2-214882762,S2-32855427,S2-536721875,S2-71585132,S3-220464362,S3-267903549,S3-394978858,S3-509851858,S3-584776843,S3-612064024,S3-629534951,S3-779382974,S3-830450189,S3-85580605,S3-895212691,S3-956594942
S1-436247714	
S1-993604636	
S1-515624637	S2-101856140
S1-295377582	
S1-616628716	S2-400167267,S2-678544812
S1-187058094	
S1-557975484	
S1-487154804	S2-108459915,S2-110461568,S2-138522446,S2-196920977,S2-224592808,S2-23901043,S2-242698439,S2-353431966,S2-372286359,S2-409212323,S2-430590320,S2-442503466,S2-513440976,S2-576325868,S2-600293195,S2-610614208,S2-645088631,S2-646732271,S2-664185855,S2-6770872,S2-681324275,S2-686150751,S2-717551160,S2-764791065,S2-777812655,S2-863311601,S2-877812993,S2-897428573,S2-904773226,S2-925219395,S2-952183459,S2-977493010,S2-998736188,S3-113010523,S3-120561315,S3-127059150,S3-162941931,S3-191365621,S3-219386351,S3-226058558,S3-239831872,S3-296635195,S3-342239470,S3-365233097,S3-383311202,S3-395930103,S3-418257549,S3-41866390,S3-4613690,S3-472396884,S3-472497209,S3-500943285,S3-548207403,S3-593872881,S3-673691135,S3-690427496,S3-712479442,S3-818333916,S3-820163007,S3-82843790,S3-869503892,S3-880380804,S3-909545763,S3-921923947,S3-937716544,S3-960286987,S3-998978221
S1-536638885	S2-694476384
S1-511863452	
S1-956446110	S3-365418937
S1-889448973	S2-961376553,S3-489602248
S1-925403791	S2-121794018,S3-117008455
S1-234200441	S3-335972083
S1-354705482	
S1-37630161	S2-784357994,S3-56749371
S1-763611874	S3-297584058,S3-498230328
S1-285739773	
S1-119279828	
S1-432139268	S2-537603715
S1-580205927	S2-519902836,S2-62625370,S3-344169542
S1-119171444	S2-215132657,S2-768951557,S2-893346937,S3-23431276,S3-69703990
S1-584177675	S3-119134676,S3-889404254
S1-761930510	S2-244953646
S1-197922151	S2-729238396
S1-256602729	
S1-274090278	S2-453176256,S2-615656154,S2-729835826,S3-718979462
S1-312481466	
S1-906079981	
S1-193918319	S2-931322825
S1-928870866	
S1-613445780	S2-68911031
S1-461369552	
S1-38402575	S2-221859616,S2-820643168,S2-858167567,S2-884455829,S3-688077551,S3-762868790,S3-802075916,S3-808727986
S1-37338275	S3-219216396
S1-543127091	
S1-340996011	S3-787922028
S1-606725408	S2-428388661,S2-681382671,S3-610819235,S3-746751507,S3-917615971
S1-945115789	
S1-639012333	S2-106191563,S2-107023826,S2-122298392,S2-126579829,S2-128159067,S2-135004220,S2-136937093,S2-152815080,S2-167186070,S2-178224871,S2-178499618,S2-184803803,S2-193374609,S2-213288749,S2-217093911,S2-227957236,S2-22935738,S2-248708078,S2-252398779,S2-253597298,S2-311318068,S2-311752033,S2-319340303,S2-322200198,S2-333138670,S2-33644966,S2-348231835,S2-352274845,S2-363010908,S2-370275880,S2-374731129,S2-386180764,S2-387152861,S2-393122031,S2-400160527,S2-401963043,S2-409434344,S2-41498024,S2-416762386,S2-423037000,S2-431877951,S2-434692770,S2-436750905,S2-4594139,S2-461606790,S2-462482740,S2-464329201,S2-465925213,S2-488508794,S2-491119861,S2-491383427,S2-504655166,S2-525322255,S2-534164286,S2-544104868,S2-546796296,S2-561751741,S2-570950036,S2-579593685,S2-5813680,S2-583475604,S2-59229276,S2-595992832,S2-609243998,S2-612883779,S2-632711291,S2-634449751,S2-648412878,S2-648504252,S2-652197591,S2-666796161,S2-670714883,S2-69127743,S2-694796914,S2-705655698,S2-73435840,S2-742222739,S2-744444317,S2-744948613,S2-745739465,S2-752902803,S2-755267871,S2-755360203,S2-755366849,S2-761610303,S2-766280587,S2-770540535,S2-780386418,S2-781818577,S2-80256445,S2-813233338,S2-816180997,S2-836041178,S2-837168990,S2-837682499,S2-84573963,S2-855052583,S2-865726821,S2-86794819,S2-868436268,S2-880389559,S2-880963141,S2-882914307,S2-903415045,S2-90549133,S2-916709438,S2-930098563,S2-938642326,S2-945257043,S2-956272405,S2-975130665,S2-975310396,S2-975735418,S2-987253314,S2-989583057,S3-101501595,S3-102269981,S3-10274556,S3-148782980,S3-156630474,S3-160545660,S3-171695310,S3-183117135,S3-186577238,S3-202053996,S3-205007396,S3-232055889,S3-233792418,S3-239868409,S3-240973231,S3-241411752,S3-258082511,S3-262038586,S3-263440364,S3-272096981,S3-278430086,S3-283573827,S3-287053278,S3-288198605,S3-297643832,S3-299735468,S3-300648348,S3-30232286,S3-302731989,S3-304731455,S3-306830617,S3-318324874,S3-320937652,S3-334031104,S3-334485653,S3-338610049,S3-353064248,S3-358297516,S3-358346493,S3-383971218,S3-390720358,S3-393512673,S3-399509231,S3-415467804,S3-416288252,S3-423165606,S3-43078067,S3-44966904,S3-453098583,S3-45561960,S3-455898712,S3-457346577,S3-462265406,S3-470711147,S3-475736849,S3-47606640,S3-511249203,S3-525090165,S3-535027064,S3-53675019,S3-5379855,S3-544448345,S3-60034927,S3-604011787,S3-611073576,S3-626750299,S3-634070791,S3-636447172,S3-651420357,S3-667559475,S3-692745388,S3-693319795,S3-71238879,S3-715407970,S3-725571622,S3-742821285,S3-744042124,S3-750863373,S3-764601375,S3-768755819,S3-769316539,S3-778891742,S3-807035264,S3-809158735,S3-817407355,S3-820601533,S3-822784411,S3-825292713,S3-834409155,S3-836544139,S3-843177038,S3-851034374,S3-852226690,S3-856338408,S3-864960640,S3-883311904,S3-88928746,S3-893801852,S3-896505444,S3-903274650,S3-903302726,S3-912870673,S3-912981408,S3-91539068,S3-916317181,S3-949327667,S3-954331896,S3-962207646,S3-962925531,S3-985714772
S1-473235417	
S1-930984906	
S1-862093695	S2-214546554,S2-303551567,S2-694277992,S3-873215477
S1-749000475	S2-890246335
S1-369632481	S2-316445223
S1-430604402	
S1-538780979	
S1-416469670	S3-593447762,S3-878721400
S1-351025388	S2-17526685
S1-960355473	
S1-453223583	
S1-571115458	S2-136887943,S2-498292613,S3-665433370,S3-848366917
S1-143265439	
S1-220020462	S2-100612655,S2-126961371,S2-127189754,S2-172397416,S2-172810532,S2-192312561,S2-208657361,S2-213480784,S2-230739401,S2-319923207,S2-326514786,S2-329575228,S2-342952603,S2-366155449,S2-437227990,S2-462722806,S2-471352628,S2-472981874,S2-560372602,S2-584390766,S2-613036665,S2-618447230,S2-647174896,S2-65966200,S2-715336209,S2-724938558,S2-725727475,S2-763253798,S2-763603816,S2-778930272,S2-804891057,S2-857523259,S2-863542843,S2-915486333,S2-951091163,S2-971464074,S3-150696569,S3-153591008,S3-168536899,S3-178625660,S3-209620887,S3-226938660,S3-228195599,S3-261409078,S3-287854733,S3-301302570,S3-314335410,S3-344415828,S3-40965741,S3-423245690,S3-42645442,S3-45145644,S3-465326223,S3-47203870,S3-479082091,S3-503705404,S3-506335249,S3-548391380,S3-572325447,S3-581466249,S3-596358727,S3-607618126,S3-632007665,S3-641211859,S3-659278426,S3-661082080,S3-701328101,S3-722932784,S3-795235992,S3-825716417,S3-826949853,S3-836783840,S3-841436177,S3-875282992,S3-885164415,S3-901929228,S3-921511463,S3-933936991,S3-953746142,S3-978903554,S3-988073244
S1-803676246	
S1-510772858	S3-219191190,S3-450245768,S3-525159509,S3-681755908,S3-814784891,S3-81790320,S3-818652132
S1-549011344	S3-415010649,S3-477134709
S1-350245409	
S1-373457471	S2-332967891,S2-418776047,S2-846394438,S2-889923853
S1-554902174	
S1-966940882	S2-299497289,S2-530424957,S3-118933931,S3-941238626
S1-241670741	S2-141302531,S2-174130943,S2-422259756,S2-540938359,S2-575837868,S2-934606436,S3-239254259,S3-406228456,S3-642578347
S1-758075760	S2-764847461,S3-108771313,S3-395951421,S3-470209663,S3-622352709,S3-69175028,S3-78604289,S3-841075288,S3-865938976,S3-966904443
S1-773320212	
S1-881005414	S2-395737373,S2-624060670,S2-633075916,S2-759638285,S2-816361577,S2-835351744,S3-609849121,S3-67010938,S3-818758046
S1-100302483	S2-383132363
S1-692096873	S2-102095798,S2-112946869,S2-129632447,S2-137672650,S2-145982040,S2-24336277,S2-247571313,S2-306912447,S2-329184618,S2-359994202,S2-404249631,S2-409720957,S2-497063009,S2-510862258,S2-554843444,S2-588154845,S2-657501037,S2-709399028,S2-793014036,S2-803978569,S2-867528320,S2-876636803,S2-949718557,S2-978051229,S3-17063574,S3-294882455,S3-311434041,S3-383146873,S3-387627296,S3-395769977,S3-462156186,S3-497711483,S3-536608250,S3-544595154,S3-58705452,S3-596841638,S3-600579738,S3-641001575,S3-660650401,S3-680486010,S3-691134932,S3-711311891,S3-74750786,S3-855544933,S3-903717404,S3-933002914,S3-945984726,S3-955859264
S1-919267939	S2-513774829
S1-524979710	
S1-886802071	S2-495651348,S3-139677918
S1-95264755	S3-311948731,S3-524698352
S1-558011533	S3-791585029
S1-874413333	S2-796218363,S3-742932003
S1-671129885	
S1-803808238	
S1-620608935	S3-659203996
S1-951609532	
S1-568217118	S2-470418302
S1-946744214	S3-121425019
S1-596007326	
S1-104226194	S2-894147929
S1-987152524	S2-816060014,S3-958879710
S1-589253257	S2-553146879,S2-716446352,S2-846358605,S3-235522764,S3-298735288,S3-304236449,S3-610978362,S3-677359198,S3-798703474,S3-840087033,S3-925176432
S1-445455950	S2-107760561,S2-130308865,S2-175760815,S2-184827621,S2-261811777,S2-324351103,S2-423313047,S2-506745885,S2-557532590,S2-66823529,S2-698907024,S2-795499490,S2-865099340,S2-905823066,S2-967204782,S2-99832127,S3-102762443,S3-137496385,S3-187370798,S3-18873872,S3-236691011,S3-377610793,S3-380548473,S3-462871787,S3-562477503,S3-573804162,S3-61623021,S3-703116887,S3-894097896,S3-954373972,S3-999499724
S1-198728897	S2-38969819,S3-984596862
S1-279971988	
S1-479239049	
S1-108314429	S3-769192503
S1-700882543	
S1-805440050	
S1-710147242	S2-597472199
S1-465082733	
S1-402994011	S2-484639343,S3-404746320
S1-236963798	
S1-680585243	S2-459352827
S1-392245358	S2-140660758,S2-271495810,S3-880614033
S1-521730978	
S1-103952189	S2-291760246
S1-691021205	S2-994508483,S3-770012413
S1-532630246	
S1-63162461	
S1-367965660	S3-278284998,S3-824047027
S1-731133418	
S1-885630742	S2-949764427,S3-64149932
S1-807555566	S2-111807961,S2-160370308,S2-695770905,S2-94925292,S3-265059586,S3-341217736,S3-583548894,S3-826512377,S3-930183059
S1-401836525	S2-119010133,S2-147883866,S2-243245075,S2-259644796,S2-292483931,S2-303111139,S2-39036766,S2-390648505,S2-440473427,S2-442583112,S2-497674571,S2-561980335,S2-712039766,S2-816280860,S2-923135706,S2-93803904,S3-127015933,S3-142488034,S3-165489943,S3-263335899,S3-328066657,S3-354433908,S3-419211714,S3-43697912,S3-502213917,S3-688118401,S3-770056000,S3-789532909,S3-798115441,S3-811718467,S3-830758750,S3-845634034,S3-88084854,S3-88916843,S3-889638985
S1-796024407	S2-841615993,S3-182266938,S3-846796541
S1-149887453	S3-370495128
S1-823731657	S2-119360751,S2-448897840,S2-768024383,S3-143782401,S3-581483114,S3-798141905
S1-578641214	
S1-549086594	S2-117148381,S3-135610730,S3-312850578,S3-31557988,S3-50266957
S1-21590818	
S1-555090350	
S1-557511474	S2-616791612,S3-355219874,S3-845398755
S1-576220090	
S1-299278979	
S1-202490639	S2-891587243,S2-98789979,S3-124291086,S3-212287246,S3-288962364,S3-557903191,S3-630265008,S3-7918242,S3-874029242,S3-97915913
S1-122618676	
S1-144979450	
S1-877733833	S2-9766148
S1-51525259	
S1-945650918	
S1-947166860	S2-6161359
S1-243140298	S2-377693448,S2-525796318,S2-557983656,S3-291119163,S3-87344631,S3-989899979,S3-990849951
S1-694979060	
S1-429112441	
S1-246462346	
S1-232082545	S2-102842456,S2-103288071,S2-104272945,S2-104625109,S2-108349032,S2-109378268,S2-127432638,S2-133057512,S2-141064010,S2-150306247,S2-165948616,S2-176992785,S2-195942449,S2-204674902,S2-205195912,S2-205496691,S2-206661644,S2-208251571,S2-213802564,S2-223427561,S2-256043652,S2-267035721,S2-273973592,S2-287511128,S2-294302918,S2-310112482,S2-322079421,S2-322627711,S2-324384033,S2-3438932,S2-346175135,S2-346564013,S2-348532529,S2-36376757,S2-366202688,S2-37711292,S2-384923014,S2-390788272,S2-396120036,S2-4205619,S2-428300265,S2-429653021,S2-437616796,S2-43802913,S2-440683277,S2-478959818,S2-509488881,S2-510256401,S2-524816487,S2-534649012,S2-543205119,S2-555893576,S2-570606591,S2-575441951,S2-579683880,S2-589248138,S2-596956626,S2-615065408,S2-627708553,S2-642111067,S2-647450895,S2-682575463,S2-706020937,S2-721263269,S2-722796078,S2-726492818,S2-731633737,S2-733143491,S2-743085032,S2-748366709,S2-753836425,S2-761208134,S2-769440319,S2-790637324,S2-791816648,S2-832426246,S2-866693046,S2-898022115,S2-907218854,S2-911966537,S2-915719001,S2-92544555,S2-934804543,S2-95975132,S2-960708837,S2-992121531,S2-992228258,S3-102785931,S3-102923208,S3-103016246,S3-105331179,S3-120910386,S3-133435637,S3-133569825,S3-138207553,S3-144286771,S3-158990199,S3-159173232,S3-162047286,S3-171758973,S3-174563052,S3-179745773,S3-192450178,S3-220754140,S3-222777199,S3-23523251,S3-244749149,S3-257090234,S3-258161764,S3-263484067,S3-284799149,S3-292372767,S3-296986214,S3-303758276,S3-322814400,S3-337804784,S3-344645197,S3-359342515,S3-367911239,S3-371491757,S3-393222131,S3-407916321,S3-409501902,S3-428087005,S3-432428924,S3-432963392,S3-438543292,S3-44332432,S3-453062414,S3-456622764,S3-48124811,S3-489043719,S3-491778630,S3-497281263,S3-503325071,S3-518514266,S3-542155737,S3-543783902,S3-546098968,S3-561226629,S3-562544971,S3-582503098,S3-593678118,S3-596112094,S3-616830826,S3-653343232,S3-663963252,S3-667775452,S3-677146883,S3-678940516,S3-710287034,S3-740524384,S3-748330662,S3-787963116,S3-791898265,S3-799091186,S3-799824588,S3-814064041,S3-814200717,S3-814995073,S3-820949899,S3-833227909,S3-845177578,S3-845360873,S3-847534171,S3-863226336,S3-863259843,S3-871705447,S3-874462486,S3-898193653,S3-910533722,S3-910788705,S3-912484195,S3-912699921,S3-930491451,S3-931510979,S3-935726025,S3-945814140,S3-954967553,S3-959206261,S3-969785752,S3-97852194,S3-989965268
S1-186761262	S3-334435903
S1-100146655	S2-311723766
S1-341291980	S2-189723704,S2-21469117,S2-251694737,S2-275336663,S2-302452163,S2-310798585,S2-334276527,S2-381666630,S2-413254640,S2-425088116,S2-435492213,S2-438822138,S2-47540251,S2-504536892,S2-514817463,S2-519370828,S2-542760532,S2-544239525,S2-558666583,S2-558734905,S2-588878483,S2-612058892,S2-617731799,S2-646525184,S2-672479332,S2-684494666,S2-703211910,S2-705173390,S2-709123160,S2-718651971,S2-732232476,S2-757266435,S2-799354642,S2-816420244,S2-817978499,S2-82849973,S2-841599262,S2-852921919,S2-869485190,S2-875789922,S2-878424425,S3-12698485,S3-129196179,S3-13177196,S3-137149815,S3-242839266,S3-286450561,S3-304459911,S3-319858131,S3-329725650,S3-329743183,S3-336196435,S3-419393793,S3-426637896,S3-438618431,S3-458273018,S3-462241728,S3-488471574,S3-57159187,S3-572069776,S3-591083910,S3-59183143,S3-607493138,S3-610244272,S3-661244265,S3-663736627,S3-664096555,S3-67366402,S3-678839057,S3-737663212,S3-796597616,S3-801387486,S3-842741713,S3-84745831,S3-860385742,S3-877940641,S3-906728604,S3-912650749,S3-939649641,S3-956949916,S3-991155771
S1-572730139	S3-133121827
S1-594141325	S2-164613321,S2-460039856,S2-516486887,S2-650041072,S2-700019169,S2-720412750,S2-768438207,S2-77926803,S2-825607616,S2-88295599,S3-286641325,S3-658577255,S3-776874329,S3-823797839,S3-915884923,S3-922500841
S1-401761505	S2-415623223,S2-422370961,S3-108345521
S1-820196196	
S1-81981566	S3-566604481
S1-92690219	S2-521542857
S1-888167789	S2-983226410,S3-54934368,S3-938641660
S1-942011133	S2-303929762,S2-34554037,S2-81357633,S3-236438471,S3-303478032,S3-420703743
S1-142288436	
S1-119783341	S3-482000936,S3-904174766
S1-328164935	S2-218946869,S3-604327392,S3-83457378,S3-932815376,S3-95003575
S1-926243009	S3-925026309,S3-940595721
S1-376882708	S2-74050956
S1-400092918	S2-318938635
S1-419235241	
S1-724315493	S2-127149381,S2-699600268,S2-709717955,S2-766740027,S2-826480014,S2-862004032,S3-241165010,S3-290033546,S3-432739989,S3-695129555,S3-782557687,S3-810992502,S3-880753914
S1-336476210	S3-678405104
S1-977818366	
S1-347171620	S3-529535404
S1-346929118	
S1-561269090	S2-107681326,S2-124861738,S2-130615411,S2-131647586,S2-131678417,S2-132253420,S2-14458181,S2-147053313,S2-149498344,S2-152001342,S2-167704156,S2-176945950,S2-17938592,S2-179483139,S2-203393107,S2-219895458,S2-228243937,S2-236382737,S2-242673687,S2-244212502,S2-246005569,S2-260330170,S2-28571361,S2-301484214,S2-315181704,S2-318060787,S2-326951564,S2-328082231,S2-334785929,S2-34146036,S2-373862681,S2-402518626,S2-405658036,S2-458791928,S2-496941805,S2-50051880,S2-522930983,S2-528839665,S2-533758908,S2-538746419,S2-554931952,S2-560828000,S2-561761426,S2-595724165,S2-6029865,S2-609896581,S2-626061321,S2-636478907,S2-671917435,S2-675834370,S2-696263830,S2-70328704,S2-719302378,S2-739122602,S2-74074951,S2-744514321,S2-75103641,S2-75176331,S2-763776128,S2-766266515,S2-766478206,S2-770230003,S2-780277212,S2-791639622,S2-809940274,S2-820157999,S2-820471786,S2-832128321,S2-833234958,S2-842656084,S2-856683708,S2-86021676,S2-87142799,S2-873510817,S2-88183339,S2-895923769,S2-900816440,S2-931608332,S2-932525013,S2-975847561,S2-978341758,S2-999977561,S3-102318855,S3-105882889,S3-136670123,S3-140977095,S3-15313371,S3-173147264,S3-180155777,S3-205342255,S3-237080864,S3-239305071,S3-239948369,S3-243547624,S3-251339178,S3-254912882,S3-265958754,S3-275336762,S3-281593059,S3-293422469,S3-321035567,S3-338216234,S3-342634893,S3-36061864,S3-361756483,S3-393045781,S3-403359661,S3-411312718,S3-41548725,S3-422360271,S3-447416118,S3-451428258,S3-457322128,S3-45806291,S3-460159390,S3-470780770,S3-470945822,S3-488219409,S3-488257465,S3-493521654,S3-497047328,S3-513204281,S3-539622443,S3-544182449,S3-552308488,S3-555754478,S3-572319300,S3-587537149,S3-592258803,S3-60497840,S3-611363282,S3-6224384,S3-626068921,S3-629444552,S3-650275411,S3-671766247,S3-674376797,S3-675249620,S3-676561617,S3-678516816,S3-686208015,S3-698573759,S3-699052068,S3-71463176,S3-718922638,S3-721106526,S3-733352556,S3-733365479,S3-733854402,S3-742432191,S3-752403860,S3-753656440,S3-757180669,S3-765358236,S3-766474484,S3-769195596,S3-769221817,S3-776884845,S3-778821376,S3-790007937,S3-802675665,S3-803247419,S3-804682593,S3-821336626,S3-823850488,S3-826021549,S3-827607029,S3-843460157,S3-848026564,S3-849322686,S3-857341830,S3-87153584,S3-876652133,S3-87959519,S3-886366178,S3-895900518,S3-897680348,S3-918120728,S3-942228371,S3-942495205,S3-945938660,S3-948900077,S3-952227254,S3-980268357,S3-997569735
S1-640578446	
S1-317610576	S2-26985254
S1-398084502	S2-102978598,S2-117200935,S2-118250810,S2-123960762,S2-135061135,S2-142523373,S2-152073849,S2-169451758,S2-17080335,S2-172407843,S2-176682318,S2-17966190,S2-184256140,S2-184968395,S2-186761191,S2-194560576,S2-209247685,S2-221345823,S2-230138424,S2-232703130,S2-234575860,S2-247942288,S2-25385793,S2-267235404,S2-271143758,S2-282783971,S2-298659396,S2-313160449,S2-319392937,S2-355823931,S2-358148008,S2-392185242,S2-400113800,S2-408964223,S2-429433348,S2-447429595,S2-464525841,S2-484266527,S2-490192951,S2-49154836,S2-494819744,S2-515364792,S2-51776529,S2-534231298,S2-540288650,S2-557660694,S2-577922749,S2-600086041,S2-601330069,S2-626795989,S2-629333589,S2-63072419,S2-639711491,S2-645923336,S2-657385652,S2-669950834,S2-670483325,S2-679522499,S2-681021265,S2-685464649,S2-698375930,S2-713758040,S2-725350812,S2-744294619,S2-750610823,S2-778397257,S2-785200239,S2-798635618,S2-806413038,S2-815331477,S2-821445916,S2-828788454,S2-831254602,S2-835384490,S2-839171126,S2-856803460,S2-859449701,S2-873085197,S2-8846672,S2-888151011,S2-905269257,S2-917864587,S2-922922894,S2-93298794,S2-937307741,S2-943089215,S2-950416998,S2-955637124,S2-957635797,S2-972121494,S2-991612689,S2-99680175,S3-117100713,S3-117660714,S3-134828340,S3-139996131,S3-15661331,S3-159640592,S3-164697297,S3-185295541,S3-187143042,S3-195790859,S3-210911722,S3-215304648,S3-229844985,S3-253211603,S3-256671887,S3-281432811,S3-286237513,S3-295764573,S3-303859240,S3-308220962,S3-310989245,S3-315329623,S3-338014863,S3-344564330,S3-344965828,S3-354427425,S3-365555156,S3-404790154,S3-407426123,S3-431226970,S3-441942301,S3-458602095,S3-466000066,S3-47075525,S3-486402662,S3-496773929,S3-510083221,S3-515052581,S3-515583258,S3-51879736,S3-531716144,S3-546841973,S3-566623969,S3-576812182,S3-580722597,S3-609323610,S3-613879814,S3-621767667,S3-623264264,S3-624578678,S3-626624828,S3-628971021,S3-63140683,S3-635384517,S3-636866095,S3-650223820,S3-652969748,S3-68602117,S3-702358652,S3-704339999,S3-70482918,S3-70507726,S3-724608419,S3-72888687,S3-740890941,S3-766974617,S3-78170550,S3-789259997,S3-84804391,S3-8527983,S3-854140729,S3-855648701,S3-856798549,S3-860596218,S3-861076477,S3-868508969,S3-879777266,S3-895825666,S3-919822127,S3-92377657,S3-938214688,S3-939418591,S3-947339837,S3-971717056,S3-973220987
S1-429137290	
S1-256480068	
S1-375348297	S2-513373521,S2-878335396,S3-813746768,S3-896637478
S1-415042128	S2-99702602
S1-410228098	S2-653535742,S3-177514304
S1-460033462	
S1-317952287	S2-571356614,S2-633235373,S3-61170162,S3-750604996
S1-615534064	
S1-616272752	S2-17052312,S2-22989764,S2-362913004,S3-562159677
S1-441322	S3-166613605,S3-988909444
S1-391141182	S2-427561137,S3-793165055,S3-914880632
S1-950174003	S3-154217304
S1-175633133	S2-671727056
S1-644411036	S2-675029411
S1-762958682	
S1-78424718	S2-730275779
S1-925057409	S3-718758308
S1-181609420	
S1-613244295	
S1-441593499	
S1-506720235	S2-135686430,S3-316797397
S1-735268637	
S1-67628861	S3-920316850
S1-951104915	
S1-867129763	
S1-211026051	
S1-650106134	S3-277596725,S3-305499278,S3-394392125
S1-110295930	S2-322611175,S2-691918408,S3-588468077,S3-836304825
S1-954886409	
S1-911365600	S2-991889008,S3-373275035
S1-796183067	S2-888830204,S3-937665118
S1-401074421	S3-881527814
S1-147057413	S2-833983859
S1-397900824	
S1-241872490	S3-64705364
S1-571376605	
S1-25587016	
S1-335752330	S3-431987719,S3-511997576
S1-339696594	
S1-277159753	
S1-652651286	S3-668878337
S1-931180841	S2-427600145,S2-579350712,S2-921234326,S3-596358958
S1-943874235	S3-202817589
S1-909532705	
S1-716346194	S2-382041291
S1-920710760	S2-557992817,S2-818401138
S1-735283511	
S1-541962667	
S1-158306158	S2-303088431,S2-44336026,S3-705738276
S1-330916229	S2-397381411
S1-124208550	
S1-476022166	
S1-491232871	
S1-307045007	S2-886782120
S1-862715502	
S1-663284662	S2-297826785,S2-606806730,S2-629509564,S2-631666497,S2-680926432,S2-71399915,S3-150716560,S3-277749048,S3-407747244,S3-900647479
S1-435735212	S2-110729732,S2-115877059,S2-118652651,S2-12255767,S2-122674202,S2-123712082,S2-12990970,S2-137680607,S2-144478678,S2-153634775,S2-163300574,S2-166908083,S2-168630732,S2-169785444,S2-176727752,S2-1855965,S2-202059255,S2-204658590,S2-223160672,S2-237175701,S2-239419171,S2-241875386,S2-243925776,S2-276555210,S2-291487966,S2-29965211,S2-303297844,S2-313141178,S2-332372466,S2-344256268,S2-347764016,S2-350965396,S2-356162534,S2-367437732,S2-376767947,S2-38824635,S2-393083058,S2-403822146,S2-408127655,S2-415837350,S2-45068453,S2-453955780,S2-454189493,S2-468626651,S2-469774659,S2-489985874,S2-507153149,S2-516908260,S2-528974779,S2-534409888,S2-537967891,S2-540406294,S2-552569312,S2-555428736,S2-556047485,S2-573667620,S2-598238164,S2-600586550,S2-61884971,S2-63425399,S2-673141842,S2-673352619,S2-673804395,S2-677729761,S2-686997885,S2-694934781,S2-705317103,S2-705372396,S2-710101346,S2-711356067,S2-727686784,S2-728250889,S2-73658022,S2-740369292,S2-750708101,S2-758732610,S2-76292567,S2-763127921,S2-76557340,S2-788488661,S2-792664545,S2-798797425,S2-814606467,S2-821519813,S2-8218553,S2-84590763,S2-856537663,S2-861942847,S2-883439184,S2-890991828,S2-900090328,S2-902683350,S2-905976535,S2-910251776,S2-928149896,S2-930633383,S2-941199205,S2-941914840,S2-946668022,S2-952667060,S2-957070508,S2-962368552,S2-973176816,S2-977289994,S3-103749339,S3-118315405,S3-124738187,S3-129422005,S3-135543948,S3-137386863,S3-154817703,S3-163948558,S3-176544391,S3-180545461,S3-18400521,S3-197588256,S3-218173756,S3-228347501,S3-232782598,S3-25710828,S3-267469466,S3-274558928,S3-282250932,S3-28535495,S3-304487730,S3-30453321,S3-304840365,S3-321391317,S3-32712144,S3-327260206,S3-337970716,S3-339698786,S3-34336227,S3-355753633,S3-359332927,S3-36214461,S3-371862979,S3-375260063,S3-377405460,S3-378466717,S3-380911621,S3-382822392,S3-394424579,S3-405542299,S3-415367456,S3-446469753,S3-446917820,S3-449938878,S3-45912779,S3-499035049,S3-516467531,S3-518795524,S3-531749176,S3-53208398,S3-533025731,S3-533462117,S3-55401016,S3-569292076,S3-571214677,S3-583930403,S3-587702042,S3-604248603,S3-612024776,S3-624408815,S3-630343256,S3-651395857,S3-673325103,S3-678224641,S3-678865907,S3-704668456,S3-714650365,S3-731837792,S3-731891424,S3-736363729,S3-741594548,S3-747662874,S3-762288307,S3-776842312,S3-777420673,S3-779313459,S3-798222499,S3-806812182,S3-810399678,S3-815692728,S3-816754039,S3-829600244,S3-852530387,S3-860230553,S3-885141986,S3-885529232,S3-900020291,S3-900720961,S3-908974012,S3-916736558,S3-940255576,S3-940531095,S3-951578141,S3-953098784,S3-964371705,S3-980976488,S3-984034410
S1-368357600	
S1-51590630	S2-125797282,S2-130488231,S2-146595750,S2-149578630,S2-17994363,S2-18729358,S2-191501303,S2-197911023,S2-214528382,S2-22450132,S2-270196713,S2-290687688,S2-294501175,S2-317940461,S2-368329979,S2-385717561,S2-387020502,S2-409127320,S2-416650759,S2-439589495,S2-450278740,S2-454499406,S2-486556096,S2-508903132,S2-517802759,S2-519477920,S2-524751384,S2-532924556,S2-545670157,S2-549694370,S2-555076636,S2-577061093,S2-582288878,S2-625603146,S2-627922369,S2-633131229,S2-653934902,S2-673050408,S2-677813132,S2-688077697,S2-713191012,S2-78671355,S2-804477874,S2-807289834,S2-80981739,S2-857896469,S2-880543184,S2-883153732,S2-886119397,S2-89967684,S2-903155414,S2-91784233,S2-922189897,S2-959032531,S2-962189557,S2-968670104,S2-983989009,S3-110999072,S3-117191012,S3-141554272,S3-158400980,S3-15847695,S3-159833444,S3-201867550,S3-223127675,S3-238853756,S3-252234851,S3-257767666,S3-283242908,S3-333314047,S3-357795872,S3-383921610,S3-433191878,S3-487643429,S3-488451727,S3-516069786,S3-525405836,S3-560890296,S3-583204710,S3-599997672,S3-612007833,S3-666028105,S3-682234371,S3-688383215,S3-701427518,S3-787341517,S3-800689733,S3-807021972,S3-816526855,S3-817410850,S3-821865133,S3-82220742,S3-845800695,S3-857169488,S3-860323143,S3-890527070,S3-925001628,S3-932054793,S3-935921330,S3-937560391,S3-942367985,S3-94484352,S3-955407164,S3-980199133,S3-984471429,S3-997625103
S1-51122580	
S1-730279779	
S1-357200984	S2-127368069,S2-140351939,S2-216453518,S2-247406861,S2-322520648,S2-324512254,S2-390238499,S2-405083591,S2-41760833,S2-44057800,S2-452822966,S2-489207545,S2-540790904,S2-546389715,S2-643104613,S2-644416913,S2-714383723,S2-734179274,S2-833089747,S2-851610592,S2-88834362,S2-948444481,S3-140164501,S3-169617114,S3-178105194,S3-196605408,S3-239305039,S3-240374686,S3-321987228,S3-376741957,S3-392014388,S3-452641640,S3-482908973,S3-519206803,S3-520391235,S3-522608084,S3-538346037,S3-554766931,S3-568993693,S3-587327690,S3-667273470,S3-683073404,S3-700734624,S3-723908632,S3-780696204,S3-802937701,S3-809186655,S3-859097553,S3-877832593,S3-908335107,S3-950700603,S3-99780108
S1-533049965	S2-187454773,S2-387555224,S2-417642068,S2-866935644,S3-329380353,S3-342598553,S3-582911222,S3-735629758,S3-752076312
S1-178488255	S3-918621932
S1-223283080	S2-92887439,S3-317746606,S3-957386441
S1-684205378	S2-154274907,S2-198804425,S2-209492204,S2-227836394,S2-251227143,S2-26342332,S2-277978801,S2-325195336,S2-364658348,S2-36700665,S2-370297613,S2-372784775,S2-380718527,S2-386680208,S2-402163688,S2-408792797,S2-451066479,S2-460433750,S2-461309274,S2-480606508,S2-515427742,S2-52524104,S2-526859176,S2-54301307,S2-583089820,S2-604409263,S2-62258802,S2-67508641,S2-678552503,S2-682129266,S2-688975890,S2-694156424,S2-724482353,S2-754665789,S2-772739615,S2-774324456,S2-80328940,S2-806415477,S2-832865931,S2-884211006,S2-89749113,S2-922575892,S2-928882489,S2-929279974,S2-947352579,S2-949521953,S2-966124746,S2-97011013,S2-97042415,S3-113383721,S3-153262435,S3-171989247,S3-203739392,S3-223608492,S3-225507465,S3-25548801,S3-272254623,S3-285383247,S3-29563872,S3-299564395,S3-30691070,S3-325343997,S3-329453869,S3-388533231,S3-397777470,S3-454094174,S3-498224811,S3-511099601,S3-516283932,S3-557518076,S3-562443251,S3-570815978,S3-598337889,S3-642778974,S3-647109830,S3-647899936,S3-66453559,S3-714666410,S3-719728327,S3-750374859,S3-751850837,S3-758904925,S3-769172902,S3-770230480,S3-772200481,S3-802002208,S3-812170588,S3-81611422,S3-860303365,S3-876800733,S3-87973491,S3-896732789,S3-905170745,S3-916534127,S3-918007478,S3-922601795,S3-93883708,S3-941744873,S3-9550921,S3-964275633,S3-969657075
S1-325106163	S2-533726626,S2-602011734,S2-781744771,S3-162400157,S3-560192302,S3-563824824,S3-816432399
S1-973414824	S2-821680638
S1-149302771	S2-117488243,S2-202340390,S2-247974778,S2-287614614,S2-351569750,S2-380516353,S2-394690825,S2-475093099,S2-477157161,S2-477602052,S2-560984302,S2-61092394,S2-625140736,S2-627385960,S2-630563734,S2-692113950,S2-70570747,S2-717321956,S2-731861090,S2-735514122,S2-74001912,S2-740654630,S2-762879802,S2-801432555,S2-824243677,S2-845423940,S2-913860095,S2-963784819,S2-975708498,S3-11027395,S3-129604330,S3-163268773,S3-187704564,S3-244809243,S3-340536341,S3-376447423,S3-413156016,S3-43423007,S3-438166650,S3-651618496,S3-700437355,S3-719756793,S3-722489802,S3-731509254,S3-739013391,S3-749475662,S3-767191861,S3-865192912,S3-872266627,S3-897084820,S3-946627669,S3-957850697,S3-998939439
S1-950101048	S2-225988559,S2-237371318,S2-334588199,S2-723810407,S3-121480643,S3-173961980,S3-179441368,S3-228983716,S3-456057472,S3-890648231,S3-93182012
S1-809295456	S2-785216351,S2-96494132,S3-744089426
S1-23124190	S2-161072691,S2-303643922,S2-533051743,S2-878102646,S3-471394492,S3-600435365
S1-234439628	
S1-524765559	S2-615552811,S2-669234630,S2-77247768,S2-823737214,S3-448763087,S3-585101586,S3-625664681,S3-663121660,S3-876073707,S3-877864801
S1-796310218	S2-323529204
S1-719801396	S3-337849449
S1-201376315	S3-569253194
S1-289717548	
S1-739118392	S2-298098437,S2-434835801,S2-455065344,S2-613029683,S2-791287656,S3-242785116,S3-577632403,S3-71409984
S1-996684915	S2-287995401
S1-898355913	
S1-563382731	S2-274483849
S1-264272517	S2-130394399,S2-15673901,S2-161107073,S2-164233222,S2-174478819,S2-178165811,S2-182271728,S2-194880356,S2-196024148,S2-231498213,S2-289193815,S2-350972775,S2-357133840,S2-441518391,S2-498909050,S2-567577729,S2-58090713,S2-586247751,S2-590156293,S2-634846945,S2-634966857,S2-671111925,S2-709070644,S2-719995587,S2-738883486,S2-781835651,S2-792286199,S2-858747526,S2-906162464,S2-914526277,S2-943376302,S2-96452473,S2-97883982,S3-123986815,S3-133180619,S3-136301599,S3-142265527,S3-158964809,S3-163450142,S3-218345976,S3-245612193,S3-247725118,S3-520299478,S3-543631470,S3-578457974,S3-623106281,S3-641432754,S3-652459226,S3-667460680,S3-681572870,S3-688339377,S3-745898178,S3-776232331,S3-77711383,S3-783031532,S3-813487499,S3-910924367,S3-911826069,S3-918743753,S3-950650725,S3-982118291,S3-984710564,S3-984720712,S3-989017160,S3-990440177,S3-994434177
S1-47921351	S2-202606419,S2-254039973,S2-636067798,S2-663751826,S3-74701804,S3-781898374
S1-961941107	S2-388595134,S3-311523038,S3-43266245,S3-894399249
S1-423126373	
S1-316932948	S3-697278806,S3-872470675
S1-216179293	S2-320174406,S2-958012514
S1-160840431	S3-124330465
S1-820630138	S2-121050097,S2-340775265,S2-446871441,S2-749611811,S2-911194067,S2-977436559,S3-264647313,S3-661227455
S1-878632015	S2-400265768
S1-795631320	S2-323134711,S2-47436666,S2-638776943,S3-380120555,S3-499386642,S3-637087855,S3-731514496,S3-79094823,S3-94125906
S1-381177686	S2-996281648
S1-354038358	S2-655175985
S1-337240153	
S1-975769032	
S1-891539767	
S1-212949733	
S1-384388496	S2-175579640,S2-467036560,S2-552701044,S3-400210754,S3-512959222,S3-579486181,S3-686565200,S3-693200053,S3-859340856
S1-212460801	
S1-722578559	
S1-422936323	
S1-645147697	S2-111037448,S2-131249648,S2-139721269,S2-166212958,S2-166629686,S2-173537861,S2-211858737,S2-21447609,S2-252232091,S2-275024099,S2-344853493,S2-39207752,S2-421334823,S2-422587497,S2-43966397,S2-460474546,S2-466082368,S2-503060972,S2-541317317,S2-596550907,S2-653681561,S2-654869228,S2-669866141,S2-687282843,S2-75468060,S2-757102457,S2-780637565,S2-791662246,S2-800975295,S2-842325635,S2-846483854,S2-918600529,S2-928189604,S2-951528999,S2-952433482,S2-95637232,S2-956768477,S3-150466992,S3-162284067,S3-16702027,S3-17264249,S3-204136739,S3-298995691,S3-319371498,S3-326515538,S3-343331632,S3-376681146,S3-377921923,S3-381282310,S3-385432178,S3-403449274,S3-443596954,S3-459087797,S3-480372399,S3-487950397,S3-489060795,S3-496267554,S3-575000087,S3-579435741,S3-579547752,S3-636889763,S3-649785962,S3-657553813,S3-729336543,S3-736364974,S3-77075443,S3-858109006,S3-861810089,S3-864351399,S3-878218550,S3-91102374,S3-92208228,S3-953200676,S3-984034609,S3-993661830,S3-994210587
S1-25965321	
S1-658336143	S2-255878709,S2-738297135,S3-217171993,S3-275349982,S3-302276965,S3-393226923,S3-724329632,S3-875003738,S3-985692613
S1-251311978	
S1-589634567	
S1-942301043	
S1-392902135	S2-725057305
S1-745300796	S2-945651270,S3-505333571
S1-869118709	S3-113883936,S3-165445281,S3-251876552,S3-539131480,S3-565256230,S3-699081750,S3-711198549,S3-827387734,S3-893519285
S1-219401270	S2-612091833,S2-969974780,S3-569970987
S1-471497067	S2-29630284,S3-801502464
S1-895337107	S2-474292343,S2-860983607
S1-735713081	S2-12828445,S2-211933450,S2-221778882,S2-246845701,S2-247104862,S2-284885477,S2-33649955,S2-339622394,S2-347491133,S2-348977691,S2-414856557,S2-431457964,S2-47617333,S2-523080954,S2-540225879,S2-66230695,S2-722021812,S2-774643395,S2-801135867,S2-814946019,S2-850805028,S2-890436299,S2-894296311,S2-900270682,S2-908744868,S2-991120051,S3-172985391,S3-198100619,S3-201911847,S3-232314695,S3-27991737,S3-280747207,S3-338121117,S3-385197321,S3-386931899,S3-451540394,S3-457437301,S3-46558981,S3-488623540,S3-512934911,S3-529210580,S3-533100497,S3-637102351,S3-673097398,S3-688038781,S3-697203461,S3-698755910,S3-709539678,S3-718431861,S3-744705944,S3-79047846,S3-794574245,S3-798974072,S3-804268716,S3-868195070,S3-875836908,S3-876519386,S3-896282989,S3-925387672,S3-937925909,S3-95141294,S3-952898520,S3-972522614
S1-30166617	S2-125249706,S2-149475544,S2-167726002,S2-183492220,S2-314378297,S2-326350025,S2-335045025,S2-349258809,S2-375578159,S2-431748509,S2-438671577,S2-470078024,S2-472191370,S2-48730724,S2-526609400,S2-575545095,S2-625418200,S2-629983932,S2-633483993,S2-659929607,S2-664954019,S2-685610575,S2-707226313,S2-760415243,S2-763190317,S2-905194059,S3-111966660,S3-373370954,S3-460574839,S3-646613542,S3-679519902,S3-734589131,S3-753689906,S3-784169953,S3-857272133,S3-872598062
S1-351491429	
S1-749745623	
S1-64966742	
S1-279736597	
S1-344557977	S2-643986948,S3-195008333,S3-378087561,S3-392016434,S3-548839190,S3-551244891,S3-655906431,S3-656237642,S3-850290559,S3-873090552
S1-104662239	S2-671277366,S3-384557386
S1-307708702	
S1-482286138	S2-154294901,S2-15737176,S2-166149138,S2-196465192,S2-217630505,S2-234680322,S2-246564167,S2-247929596,S2-249231822,S2-275175680,S2-31421582,S2-314327237,S2-316649258,S2-371023890,S2-38063531,S2-383611517,S2-403217805,S2-408667008,S2-439760508,S2-457000834,S2-466162416,S2-475623571,S2-506119384,S2-532328533,S2-554710478,S2-621353655,S2-63654592,S2-639631652,S2-67860325,S2-728309949,S2-756872336,S2-7717164,S2-790308484,S2-790834389,S2-815262418,S2-831866750,S2-848331154,S2-853981817,S2-870405932,S2-87747097,S2-884381118,S2-888770123,S2-891623808,S2-89227551,S2-910219235,S2-9515146,S2-968120604,S2-968629343,S2-981838092,S2-983750483,S3-135257499,S3-155212715,S3-159011631,S3-160887663,S3-203574995,S3-214582688,S3-2178358,S3-273350936,S3-277913655,S3-281639636,S3-299172130,S3-314048345,S3-318473583,S3-321180947,S3-333623866,S3-345389280,S3-368645283,S3-375386606,S3-414341151,S3-468918670,S3-472295641,S3-474091479,S3-480239411,S3-480643719,S3-493032575,S3-508378592,S3-572544321,S3-608409659,S3-633407925,S3-635412308,S3-665872183,S3-675812246,S3-679436103,S3-690453749,S3-691015605,S3-696320773,S3-702349106,S3-722446693,S3-726908417,S3-755609666,S3-75706988,S3-769177041,S3-835035546,S3-840492256,S3-862072574,S3-879022549,S3-879427963,S3-90522737,S3-913813499,S3-952867799,S3-986690108,S3-997196211
S1-122637196	S3-281041688
S1-821523654	S2-57797815,S3-354440631,S3-698107974
S1-184201555	
S1-470841570	S2-145498943,S2-165179127,S2-211124268,S2-226200204,S2-281394657,S2-336786863,S2-36702784,S2-385972091,S2-450779653,S2-470940051,S2-501670879,S2-531416958,S2-552359697,S2-579783280,S2-660124820,S2-704107686,S2-729392754,S2-760162375,S2-813382661,S2-834147263,S2-837479181,S2-841933804,S2-846219177,S2-873806890,S2-885783243,S2-900897961,S2-916210502,S2-92842411,S2-949030236,S2-957736490,S2-978341347,S3-103749291,S3-108440048,S3-136589326,S3-234109530,S3-417942609,S3-424929606,S3-452082819,S3-506848683,S3-636011286,S3-65628519,S3-723180815,S3-73582843,S3-746801071,S3-76241375,S3-83131584,S3-841601851,S3-859419464,S3-877284830,S3-908031690,S3-914291540,S3-921887878,S3-930113841
S1-166332747	S2-112834027,S3-10469096
S1-791107630	S2-359129222
S1-354336647	S3-261818217,S3-308829194
S1-360225492	
S1-570676783	
S1-109545202	
S1-728032080	S2-611123319,S2-732365
S1-985181624	S2-249618102,S3-41974938,S3-469892357
S1-407845038	S2-840401201,S3-798066980
S1-549370199	S3-296003757
S1-476132624	
S1-598823125	S2-116667635
S1-546751738	S2-598764122,S3-100935061,S3-325864628,S3-344162499,S3-504553622
S1-564193651	
S1-882796400	S3-166641712
S1-387747643	
S1-64915886	
S1-901695846	S2-652847423,S3-882683665
S1-657278286	S3-356956883
S1-863544866	
S1-355053030	S2-487451089
S1-943567301	S2-553768117
S1-549730361	S2-263452205
S1-596431100	
S1-521605108	S3-555217332
S1-289853373	S3-630977930,S3-928918305
S1-474310615	S2-781454844
S1-988797326	S2-586568906
S1-703703543	S2-172519905,S2-429640405,S2-516564443,S2-663953944,S2-727820272,S2-735060857,S3-584845445,S3-712670851
S1-280987053	
S1-126920508	
S1-271585788	S3-103238828,S3-140078446,S3-585371204,S3-669768287,S3-819027942
S1-204931911	S2-548528129
S1-178384024	
S1-856667356	S2-412382686,S2-51866763,S3-419162754
S1-732613749	
S1-380839864	S3-578207243
S1-486296456	S2-20557805,S2-409723934,S2-608916033,S2-610515265,S2-698828677,S2-89826353,S2-961788249,S3-126685529,S3-277022192,S3-357997223,S3-549742695,S3-640547855,S3-642749445,S3-653102922,S3-671154452,S3-804909925,S3-926123773,S3-989137318
S1-852026470	
S1-895409233	S3-298761601,S3-889603737
S1-797931932	
S1-584499457	S2-146821565,S2-874733630,S2-916728644,S3-371026412
S1-298019640	
S1-92668465	
S1-562441786	
S1-560649724	S3-809713474
S1-834788095	S2-593323701,S2-684963422,S3-240214198,S3-351807453,S3-46124179,S3-672023857
S1-589719894	
S1-772116613	S3-58638600,S3-8599518
S1-966027321	
S1-577969980	
S1-673553033	S2-692695952
S1-206477802	S2-167740487,S2-177633689,S2-193816682,S2-225453166,S2-272447791,S2-291001964,S2-307431430,S2-325193418,S2-370042452,S2-428125967,S2-448057487,S2-495882888,S2-573716390,S2-57814785,S2-591242326,S2-606892213,S2-613025245,S2-640149709,S2-65976889,S2-665433225,S2-680079890,S2-696608497,S2-75288350,S2-832536065,S2-875753902,S3-12423998,S3-136913036,S3-15019855,S3-181924072,S3-267819158,S3-275980210,S3-311494548,S3-375834740,S3-444104166,S3-501223425,S3-503855204,S3-633974839,S3-690659234,S3-727196167,S3-755915459,S3-813525854,S3-832142775,S3-904508177,S3-923946950,S3-955093948,S3-962728787
S1-298646564	
S1-777555607	S2-21561607,S3-654691971
S1-388246740	
S1-379154805	
S1-947431711	
S1-737368602	
S1-706591875	S2-270660528,S2-367024560,S2-427851446,S2-428104088,S2-481836981,S2-533932078,S2-55200708,S2-587434293,S2-690664755,S2-828484060,S2-944970690,S2-967580220,S3-141855844,S3-196868098,S3-337014747,S3-425453417,S3-610235323,S3-655157492,S3-684056333,S3-692059593,S3-796134566,S3-926502556,S3-969480833,S3-983632162
S1-365672071	S2-322656717,S2-388533868,S2-503896052,S3-22783953,S3-483137654,S3-513886996,S3-550877854,S3-635156144,S3-982587409
S1-603318865	
S1-630839433	S2-103662082,S2-163390855,S2-173297798,S2-23480006,S2-286866018,S2-325863757,S2-34041315,S2-375815170,S2-378306108,S2-392401674,S2-466585870,S2-479395550,S2-51018484,S2-512635996,S2-535586818,S2-541550457,S2-678293592,S2-696962942,S2-724199665,S2-727802513,S2-758570424,S2-771366171,S2-838879057,S2-840968823,S2-853411823,S2-867291534,S2-879731929,S3-103741021,S3-135892633,S3-176148957,S3-215242310,S3-247841815,S3-309316892,S3-33845713,S3-362729497,S3-46989825,S3-511739598,S3-52713609,S3-613895974,S3-655792310,S3-667495476,S3-695413040,S3-797137753,S3-923159827,S3-931771800,S3-955694794,S3-958687040
S1-721254668	S2-16117438,S2-285696750,S2-445698817,S2-815671993,S3-555254585
S1-676187388	
S1-537121104	S2-413909358
S1-299628100	S2-341329247,S3-353492641,S3-535281913,S3-573613633
S1-995742594	S3-425865971
S1-392214139	
S1-952136084	
S1-582600323	S2-89473500
S1-967514668	S2-866210142
S1-157183174	
S1-836401682	S2-722574469,S3-107666801,S3-666213288
S1-412010600	
S1-552549808	
S1-226564818	S2-105189386,S2-148507318,S2-269504250,S2-818027615,S3-185905619,S3-293681670,S3-555601554,S3-762325573,S3-862214545
S1-473606105	S2-134636826,S2-205785971
S1-55790876	S3-914174073
S1-442205824	S3-445740418,S3-868273179
S1-567672228	
S1-858093716	
S1-817125131	S2-219945806,S2-247625161,S2-252516737,S2-43365699,S2-836676952,S3-278907714,S3-721969068,S3-77989692,S3-864109145
S1-168226168	
S1-927776130	S2-126161639,S2-130858763,S2-134535034,S2-161196897,S2-193713485,S2-205216054,S2-24203895,S2-289571668,S2-313794619,S2-358774751,S2-383379177,S2-400778500,S2-409801554,S2-443596363,S2-452230944,S2-483954918,S2-518989515,S2-526721813,S2-542890506,S2-550486802,S2-573232508,S2-63421326,S2-63558388,S2-64380407,S2-651322786,S2-66723075,S2-71107463,S2-741195779,S2-760508529,S2-764491016,S2-807605252,S2-854190512,S2-864351687,S2-870932013,S2-878091980,S2-927194061,S2-928316528,S2-960056400,S2-965263913,S2-981739062,S2-988247056,S2-990546911,S3-10792669,S3-186264838,S3-192451213,S3-219783155,S3-254198202,S3-282218667,S3-339438222,S3-350256603,S3-379145456,S3-399754646,S3-440813070,S3-454276499,S3-466461906,S3-510267812,S3-534981846,S3-571620004,S3-59129392,S3-658498506,S3-680892343,S3-68865318,S3-71950228,S3-721310365,S3-755024539,S3-759647449,S3-760750329,S3-820220814,S3-868933151,S3-872945216,S3-880396530,S3-908020217,S3-985383380
S1-597401517	S2-145068651,S2-16915235,S2-222462655,S2-233211351,S2-240144918,S2-250625820,S2-253775395,S2-288805701,S2-304254573,S2-308523879,S2-323180178,S2-331362344,S2-344592407,S2-379860831,S2-382304613,S2-384398489,S2-419221327,S2-420786987,S2-427593037,S2-471112301,S2-472385262,S2-479587528,S2-485204513,S2-485981392,S2-492871014,S2-50260258,S2-503125028,S2-527150649,S2-550483239,S2-566586377,S2-584280312,S2-604267242,S2-611442371,S2-621462076,S2-632220338,S2-723746929,S2-737385043,S2-771802170,S2-773043673,S2-789873251,S2-801643827,S2-805339760,S2-809014051,S2-813595224,S2-847533102,S2-897535910,S2-903825369,S2-929056571,S2-947352203,S2-996810236,S3-100159815,S3-109174264,S3-116919472,S3-117601566,S3-127212627,S3-148852506,S3-224593749,S3-234705188,S3-240454602,S3-257385409,S3-270158927,S3-280540151,S3-302314949,S3-312318438,S3-321660736,S3-334767206,S3-356802814,S3-357279226,S3-381353517,S3-408489442,S3-454916217,S3-514249726,S3-535437084,S3-603322464,S3-61281111,S3-626063803,S3-667182840,S3-667344082,S3-671745459,S3-70630640,S3-708006767,S3-738121127,S3-745166419,S3-747689449,S3-75296325,S3-783599411,S3-79402419,S3-796850277,S3-80303709,S3-828351818,S3-837608519,S3-84030621,S3-84863347,S3-861053096,S3-872378192,S3-875466082,S3-925903043,S3-969569805,S3-976741114,S3-99281590,S3-998381338,S3-999298513
S1-30151590	S3-44857853
S1-175016539	S3-945617531
S1-585509512	S2-538653194,S2-684395360,S2-735052227,S2-913718499,S3-174556081,S3-468678281,S3-485539881,S3-573682742,S3-669146326,S3-873640830
S1-898630961	S2-335020083,S2-470549011,S3-765654161
S1-580432162	
S1-88817160	
S1-227354877	
S1-553712807	S2-251768146,S2-373121652,S2-434953381,S2-460213908,S2-465463530,S2-478387152,S2-531310407,S2-570169225,S2-575693375,S2-717218721,S2-824103087,S2-82546088,S2-921763725,S2-940864473,S2-952326902,S2-974301903,S2-978261815,S3-181759216,S3-188333303,S3-221519757,S3-236517960,S3-301379608,S3-336563017,S3-348401328,S3-424522318,S3-430923913,S3-677291808,S3-763146430,S3-888210673,S3-924818290,S3-936106911,S3-946440237
S1-388700492	S3-108383766,S3-176284416,S3-370914621,S3-60484204,S3-973725729
S1-238511000	
S1-626922669	
S1-428709431	S3-126775728,S3-880141264
S1-299742816	S2-271080754,S2-483383299,S3-361546513
S1-383350674	S3-722750247,S3-790590093
S1-909955989	S2-253207160,S2-937218420
S1-216798062	
S1-772468356	S2-8732076
S1-908800416	
S1-27002930	
S1-615389185	S2-485635480
S1-674323954	
S1-404818756	
S1-85210897	S3-18063738
S1-625041866	
S1-784078088	
S1-661173194	
S1-21376915	S3-224539911
S1-857915278	
S1-535787043	S3-912760069
S1-582702190	
S1-72252837	S2-719856198
S1-557729317	
S1-44450013	S2-627178121,S3-770660226
S1-244210172	S3-136782833,S3-483481639
S1-545839168	
S1-829420372	S2-134546341,S2-161262004,S2-16177327,S2-216259215,S2-331372011,S2-415310282,S2-437513513,S2-455864767,S2-487322240,S2-514575049,S2-549461956,S2-584145134,S2-631004337,S2-65421265,S2-658446584,S2-68865263,S2-753856164,S2-771723157,S2-83148773,S2-861691769,S2-894417104,S2-941892387,S2-961898276,S2-999379281,S3-163684336,S3-173626125,S3-188976678,S3-190937259,S3-215205039,S3-222504906,S3-226397542,S3-23783028,S3-241087677,S3-247266943,S3-259753450,S3-272393621,S3-298470126,S3-34004441,S3-389622914,S3-480297088,S3-495753054,S3-499038435,S3-504901846,S3-521638195,S3-529610633,S3-555351662,S3-633561543,S3-642886582,S3-659791338,S3-697706086,S3-699422268,S3-701747740,S3-723565727,S3-747801644,S3-75018226,S3-854250476,S3-865449857,S3-872135991,S3-920117731,S3-931809299,S3-936386019,S3-940351232,S3-969134239
S1-424170762	S2-976364398
S1-859740925	S2-903711285
S1-285660164	
S1-722435697	S2-719078995
S1-28205922	S2-550669661
S1-829987371	
S1-385338713	S2-11854776,S2-418282990,S2-736972122,S3-41527791
S1-271520763	
S1-702535028	
S1-864658047	
S1-701003373	S3-250616781
S1-924467624	S2-105635022,S2-106473697,S2-109760851,S2-127271155,S2-139777201,S2-257751046,S2-294203874,S2-317744733,S2-321876705,S2-389259242,S2-431431869,S2-474823187,S2-482557077,S2-609176950,S2-633652916,S2-681035783,S2-742651178,S2-774093482,S2-798984287,S2-833643582,S2-861498044,S2-902458523,S2-931680335,S2-962136847,S2-993346628,S3-156629345,S3-191883433,S3-215669275,S3-244633883,S3-280030989,S3-298329232,S3-31840022,S3-332990738,S3-334839312,S3-347485213,S3-376007321,S3-517875255,S3-54796731,S3-582172545,S3-593157902,S3-597840503,S3-619423439,S3-623638791,S3-648512814,S3-720092792,S3-733284762,S3-751167604,S3-866388233,S3-874270590,S3-891219181,S3-919820868,S3-923366166
S1-818679709	S2-407847301
S1-106011786	S2-6495645,S3-643455551
S1-546702803	S2-262873733,S2-603481028
S1-658439443	S2-323069982,S3-832004527,S3-876827469
S1-608967311	
S1-680008372	S3-746829951
S1-621761582	S2-389061793,S2-615518130,S3-622093870,S3-86215459
S1-349458496	
S1-851769617	S2-11673108,S2-293942471,S2-297682905,S2-396999126,S2-406375127,S2-422320506,S2-601080418,S2-603722368,S2-643993556,S2-669257418,S2-673703975,S2-687910648,S2-753534925,S2-767233897,S2-768060119,S2-817877659,S2-818114736,S2-845078558,S2-863778805,S2-876460989,S2-885832315,S2-948689720,S2-98185691,S3-104951588,S3-247225202,S3-528220842,S3-535661586,S3-627639172,S3-676516507,S3-747426363,S3-850289759,S3-855767347
S1-156869488	S2-49255970
S1-727634534	S2-969742635
S1-853993166	
S1-882698520	
S1-893318925	S2-172435451,S2-225723773,S3-853283598
S1-948768038	S2-138406453,S2-177045250,S2-204449476,S2-209941010,S2-226737154,S2-263140099,S2-318798995,S2-321695541,S2-355981176,S2-398266930,S2-446064967,S2-48417856,S2-502667384,S2-578889333,S2-583950814,S2-594142670,S2-62294518,S2-631944096,S2-669075998,S2-682482919,S2-705574122,S2-728521182,S2-77543674,S2-821022329,S2-822862696,S2-894964344,S2-918912456,S2-941821682,S2-955559356,S2-987598227,S2-990881070,S3-213351219,S3-239494939,S3-308812441,S3-32516324,S3-373341881,S3-388272697,S3-405934023,S3-474965357,S3-501706593,S3-557372055,S3-611297202,S3-647068303,S3-657190003,S3-665251481,S3-692883499,S3-709926729,S3-720913555,S3-784676180,S3-814197206,S3-823007830,S3-823738212,S3-863609611,S3-87757058,S3-888102495,S3-906501571,S3-973655920,S3-977536472,S3-979601219,S3-987388204
S1-513693430	S3-952559888
S1-90406410	S3-426689177,S3-51250412
S1-545645075	S3-607916566
S1-468172551	
S1-791155002	S3-248988487
S1-549242522	
S1-183760590	
S1-244809602	S2-955352178,S3-752015014
S1-340929942	S2-112225798,S2-302038786,S2-325899263,S2-462253782,S2-640567873,S2-689943106,S2-722956654,S2-752873317,S2-818031585,S2-881997956,S2-91849998,S2-96552143,S3-137712036,S3-191438338,S3-20843389,S3-24257376,S3-310982733,S3-335687239,S3-356721219,S3-381786157,S3-395084601,S3-488558525,S3-605068605,S3-606227855,S3-675631757,S3-70433543,S3-725057603,S3-778638333,S3-779168198,S3-90604549,S3-907581183,S3-917124297,S3-991970810
S1-596555182	S2-533218394,S2-732223983,S3-457506030,S3-618242030
S1-495878698	S3-235615352
S1-755546342	
S1-938792097	S3-227719028,S3-304454617,S3-383161011,S3-476276220,S3-51886462,S3-549729754
S1-457922425	
S1-181290919	S2-115871410,S2-120374142,S2-153876088,S2-186703177,S2-239390938,S2-252672980,S2-254749862,S2-317583011,S2-388622305,S2-397498445,S2-412779507,S2-415114451,S2-419860113,S2-421311551,S2-522748260,S2-529681958,S2-605762407,S2-612700263,S2-672363505,S2-693760852,S2-703951317,S2-707981275,S2-768037643,S2-769211351,S2-789621708,S2-799447166,S2-812861382,S2-848380693,S2-875604306,S2-876273035,S2-888954546,S2-914504346,S2-92792957,S2-960599022,S2-96318647,S2-973928169,S3-11590016,S3-126370927,S3-132893641,S3-138769896,S3-139070591,S3-150770739,S3-152198626,S3-165787424,S3-166516215,S3-175093641,S3-204231539,S3-207851111,S3-207896912,S3-266686122,S3-268590865,S3-274727232,S3-301595224,S3-308689197,S3-363832109,S3-378846556,S3-419074929,S3-482972156,S3-518823885,S3-68205998,S3-686963510,S3-706558746,S3-770267040,S3-772909269,S3-775485217,S3-794410685,S3-86951923,S3-881266133,S3-928432556,S3-981829366,S3-985645797
S1-215396556	
S1-574668375	
S1-951623450	
S1-921473285	S2-479858252,S2-704638900
S1-437415597	
S1-360909582	S2-257853129,S2-263655412,S2-38978038,S2-955724553,S3-942315083
S1-154383438	S2-234200567,S3-707079312
S1-491337400	
S1-679660495	S3-739172566
S1-746193689	S2-117559937,S2-195760192,S2-212472891,S2-262998500,S2-284901106,S2-307842472,S2-379897953,S2-420239189,S2-420306317,S2-453727351,S2-490586907,S2-503644170,S2-524343787,S2-555753883,S2-558036096,S2-560083437,S2-598271550,S2-600748400,S2-617273234,S2-697173069,S2-773535829,S2-783242233,S2-861798128,S2-872118692,S2-991163553,S3-110893160,S3-123022666,S3-143222909,S3-172380886,S3-200479448,S3-213662194,S3-227647188,S3-244382185,S3-269063729,S3-315923338,S3-380705676,S3-439226796,S3-549031442,S3-549999203,S3-626026728,S3-657131246,S3-759435997,S3-821193383
S1-401850061	
S1-8000604	S2-918856832
S1-872302647	S2-149336352,S2-173735021,S2-214117505,S2-245140680,S2-585830834,S2-690578612,S2-699710082,S2-800441710,S3-131199172,S3-151074501,S3-233800544,S3-258226479,S3-393270862,S3-582439309,S3-661942835
S1-82192539	S2-157605018,S2-177014155,S2-17958241,S2-189998518,S2-190982903,S2-241545735,S2-248039932,S2-26891676,S2-294533163,S2-4768806,S2-487561763,S2-764820099,S2-82075017,S2-822356972,S2-923734405,S2-971500692,S3-165810375,S3-17369431,S3-207306585,S3-265226466,S3-26698603,S3-391685641,S3-392286045,S3-422176768,S3-424990014,S3-484203129,S3-55422043,S3-650757595,S3-773844883,S3-823722349,S3-914036835,S3-993457964
S1-690582233	S2-823567054
S1-311486232	
S1-366279397	S2-428842063,S2-820282018,S3-161194423,S3-165321570,S3-183527171,S3-377417995,S3-515533649,S3-904400068,S3-978996493
S1-855700872	S2-485092771,S2-773825094,S3-263959575
S1-320229740	S2-172253968,S2-197291277,S2-230418533,S2-260894981,S2-302766784,S2-318820924,S2-365957853,S2-38077295,S2-395648151,S2-402932560,S2-534210483,S2-716300935,S2-754654987,S2-786367434,S2-883982768,S3-224062094,S3-279133321,S3-334083703,S3-345453551,S3-46218359,S3-574086847,S3-634772655,S3-685900739,S3-687848514,S3-722811219,S3-73460187,S3-746471768,S3-853663079,S3-858916282,S3-914503975,S3-955320569,S3-956332162,S3-969702072
S1-826696794	S3-36709672
S1-411563198	S2-307785094,S2-328479761,S2-576976975,S2-720241934,S2-903872198,S3-148577552,S3-15950884,S3-604129741,S3-796764746,S3-978882961
S1-256282960	S3-197064072
S1-234585908	S2-739038277
S1-409413534	S2-357972678,S2-409002190,S2-502360460,S2-585343372,S2-59466083,S2-639063029,S2-733937938,S2-760444039,S2-855193507,S3-621722550,S3-6716623,S3-693126444,S3-791995799,S3-833638515
S1-633109512	
S1-265007680	S3-137060226
S1-262294930	
S1-410474103	
S1-741813500	
S1-496346323	S2-118402372,S2-131595681,S2-138759450,S2-141913125,S2-168088993,S2-18851185,S2-277260231,S2-283880637,S2-332419658,S2-358952075,S2-379827746,S2-408320262,S2-444183488,S2-474252267,S2-510446494,S2-527076053,S2-548191254,S2-595109955,S2-60387954,S2-617703332,S2-627161484,S2-707688543,S2-773780163,S2-801067112,S2-88155216,S2-905579128,S2-931321199,S2-940800924,S3-104759494,S3-109664294,S3-164358649,S3-220436998,S3-381269145,S3-421512515,S3-428847972,S3-485754460,S3-492575322,S3-502957758,S3-506148443,S3-523948205,S3-570018661,S3-656959027,S3-659410364,S3-705835081,S3-70765252,S3-716815762,S3-741136601,S3-741781900,S3-771183964,S3-773335602,S3-793116225,S3-80958865,S3-825853331,S3-882654375,S3-88330952,S3-888890230,S3-950431618,S3-980730139
S1-569898026	S2-147191212
S1-497340561	S2-74769253,S3-430362208
S1-52451029	S3-311667970,S3-567592121
S1-533445371	S2-12990003,S2-200686935,S2-239731879,S2-608770552,S2-658267497,S2-693960651,S2-845130697,S2-889402926,S2-920857267,S2-937718004,S2-948158196,S2-95689041,S2-992250308,S3-12899215,S3-130253169,S3-412305620,S3-525916593,S3-612859503,S3-646167845,S3-75411083,S3-783451936,S3-922204966
S1-252832899	S2-192752816,S2-212967646,S2-23598469,S2-241960038,S2-295464233,S2-356542714,S2-45311700,S2-461623789,S2-469522899,S2-494901276,S2-503277792,S2-592182034,S2-719567445,S2-812620006,S2-9223530,S2-962193268,S2-979865893,S2-989732981,S3-128273650,S3-286536719,S3-375427380,S3-431127144,S3-44469617,S3-489402224,S3-57901439,S3-641040333,S3-658628199,S3-693111413,S3-696721089,S3-700107436,S3-719702205,S3-760895233,S3-763159119,S3-801249701,S3-935546475
S1-194887455	
S1-520710871	S3-521318417,S3-719459226
S1-106671505	S3-785827172
S1-375370928	S3-585418719
S1-607852072	
S1-817683544	
S1-552658307	S2-383731066,S3-231682426,S3-275326718,S3-376423462,S3-641242104,S3-739532327
S1-617760637	
S1-941709619	
S1-311090979	S2-379083264,S2-688323872
S1-854288036	S2-463266302
S1-930644837	S2-934386789,S3-146253967,S3-322080356,S3-324310796,S3-499517973,S3-946533452
S1-481652414	S2-116205927,S2-145028320,S2-178342095,S2-223744496,S2-360735708,S2-49599471,S2-587029807,S2-595189379,S2-689413914,S2-867995456,S2-879733792,S2-908086716,S2-929325505,S2-952823827,S3-10309939,S3-275811996,S3-285894835,S3-330315375,S3-409906649,S3-48750647,S3-510317510,S3-530066188,S3-538697171,S3-541424797,S3-569670436,S3-577195258,S3-680880221,S3-72560891,S3-772719732,S3-805635952,S3-831211724,S3-845373329,S3-873016550,S3-927202566,S3-93227645,S3-987745176
S1-691663442	S3-822623141
S1-451464552	S2-486874766,S2-982775017,S3-19178445,S3-39206510,S3-539888402,S3-833499054,S3-996953514
S1-71265566	S2-164806574,S2-250917935,S2-89293572,S3-146869129,S3-400217459,S3-964947702,S3-974612624
S1-44019475	
S1-504442535	
S1-766866439	
S1-6728823	
S1-499242108	
S1-847883289	S3-381299607
S1-639708214	S2-893533885,S3-688717161,S3-959337302
S1-914958503	S2-103471588,S2-535092767,S2-557049129,S3-100694812,S3-356011162,S3-473276134,S3-527245620,S3-889130886
S1-677633780	
S1-927838010	S2-827345339,S3-39432364,S3-508647290,S3-59898648,S3-767244757
S1-328196988	S2-3973701,S3-422855206
S1-936820081	S2-207610185,S2-395027545,S2-750675928,S3-140336181,S3-585643643,S3-879626320,S3-881585543,S3-956661060
S1-95503899	S3-315670853,S3-402777354,S3-527866373,S3-819095741
S1-557511339	S2-351602498
S1-529563044	
S1-27508378	S2-603372413,S3-962266432
S1-456709533	
S1-186737681	
S1-425938131	S2-369590331,S2-422946837,S2-594701838,S2-78281040,S3-220887105,S3-229562480,S3-383850159,S3-400262444,S3-664455382
S1-541300902	S2-433879250,S2-50882079,S2-811942307,S2-829117465,S3-416950565,S3-477596235,S3-513034299,S3-666614266
S1-245736163	S2-486019552,S3-210619010,S3-532028415,S3-763455916,S3-815445747
S1-279145576	S2-350386368,S3-427691033
S1-609062608	S2-268307350,S2-589567521,S2-666672821,S3-527970518,S3-678104515,S3-687784990,S3-759025812,S3-791190035,S3-79172507,S3-896086939
S1-108284040	
S1-942110962	S2-237878806,S2-509820158,S2-578904143,S2-734607144,S2-895869428,S3-659126538,S3-695033508,S3-923186582
S1-98442615	
S1-48453378	S2-660192252,S3-875024216
S1-850758454	
S1-367793476	S2-373897506,S2-44561086,S2-470359216,S2-887968980,S3-41834791,S3-477952870,S3-641249411,S3-699114433,S3-854921340
S1-435229220	
S1-837510013	
S1-44244376	
S1-304476315	
S1-205103751	
S1-778632723	S2-143472492,S2-152256746,S2-215097098,S2-23874697,S2-278690446,S2-301240737,S2-563480347,S2-692656496,S2-704153410,S2-757970363,S2-896680801,S3-107043804,S3-158998201,S3-192468123,S3-221578095,S3-319294141,S3-512511840,S3-530623748,S3-653248977,S3-709121577,S3-72025638,S3-765195411,S3-89753467,S3-912662337,S3-947534023,S3-949418688
S1-1727907	S2-586799709,S2-733614106,S3-200812953,S3-70598773
S1-807405756	S2-289724835
S1-161210403	S2-177702104,S2-397357706,S3-284438512,S3-454375849,S3-45947695,S3-972001458
S1-5718747	S2-532137176,S2-886767006
S1-91116287	
S1-538020889	S2-22404006,S2-682768525,S2-703088139,S3-151472756,S3-496393497,S3-724556108
S1-199433633	S3-467272151
S1-571777559	S2-334844614,S2-785480804,S2-916059663,S3-719868299,S3-931467203
S1-159677035	S2-113465680,S3-46730182,S3-727257296
S1-560811925	S2-986707641
S1-730644474	S2-273602041,S2-654209659,S3-303574356
S1-277346734	S2-447784271,S2-476939020,S3-829495327,S3-862783203
S1-27455843	
S1-721895642	S2-581865469,S3-433428902
S1-942584485	S2-831212241,S3-79369835,S3-954109851,S3-997028387
S1-823023497	S2-115494705,S2-126410792,S2-127864795,S2-136764692,S2-162442674,S2-164296954,S2-169376028,S2-175643971,S2-194587093,S2-239475167,S2-243693876,S2-250058196,S2-271110812,S2-272493917,S2-272974281,S2-289868596,S2-305200498,S2-311866265,S2-312280246,S2-343514081,S2-343788072,S2-349079208,S2-35148503,S2-361584924,S2-452689901,S2-458756338,S2-459173728,S2-461616110,S2-465353460,S2-488448621,S2-493928043,S2-501924391,S2-527895538,S2-528548994,S2-53149550,S2-55522323,S2-558902407,S2-571192454,S2-595800771,S2-598261591,S2-602233493,S2-614386231,S2-615083576,S2-625713086,S2-626967051,S2-63887928,S2-660783306,S2-669632778,S2-676854723,S2-67817001,S2-693398041,S2-702154902,S2-710185533,S2-726850154,S2-729147218,S2-734504093,S2-751200746,S2-752156607,S2-774425503,S2-775795181,S2-790360554,S2-794611346,S2-796869075,S2-799975662,S2-815402011,S2-837589801,S2-85175097,S2-858796787,S2-863725715,S2-89043747,S2-900303954,S2-900963055,S2-914336064,S2-917895487,S2-92013143,S2-926564903,S2-927681983,S2-994913721,S3-105103026,S3-125186675,S3-149244774,S3-164338692,S3-221677515,S3-223653972,S3-230682146,S3-236373416,S3-247813597,S3-25015515,S3-260141392,S3-261301402,S3-263038202,S3-273093704,S3-27336061,S3-282838205,S3-295547809,S3-298358848,S3-318534984,S3-330786649,S3-33237706,S3-339037006,S3-349130013,S3-376159599,S3-382522113,S3-392980580,S3-413950449,S3-42373624,S3-428684357,S3-438077193,S3-438243320,S3-445873279,S3-453934896,S3-483934886,S3-48478825,S3-485116834,S3-485979789,S3-51527992,S3-518425606,S3-520732270,S3-528887160,S3-529342962,S3-53600583,S3-55531168,S3-581401802,S3-594159161,S3-609379336,S3-619437618,S3-624803702,S3-648173120,S3-65992635,S3-682531758,S3-690230613,S3-707657715,S3-711307617,S3-716746801,S3-729048317,S3-729911327,S3-736131060,S3-747299563,S3-757209664,S3-758123298,S3-786977760,S3-791630560,S3-819680189,S3-821064961,S3-852598572,S3-871441598,S3-874722471,S3-890514027,S3-890619355,S3-892333779,S3-902905225,S3-925068924,S3-927990308,S3-930870811,S3-930900926,S3-933196998,S3-952393985,S3-953044112,S3-954555118,S3-997498415
S1-71296969	
S1-235106542	S3-346762780,S3-582852230,S3-603501130,S3-794584348
S1-464529384	
S1-953014080	
S1-296996951	
S1-411592446	S3-128362187,S3-807270648,S3-852240273
S1-357556905	S3-288956385,S3-305325241
S1-451116961	S2-277375185,S3-886828347,S3-888107894
S1-537740820	
S1-36683808	S2-555697793,S3-105180833
S1-218059706	S3-971841413
S1-561721636	
S1-686329764	S2-108521862,S2-173887368,S2-182041125,S2-196642129,S2-250712899,S2-466623135,S2-508225866,S2-51430062,S2-545690998,S2-577986018,S2-601229022,S2-687391109,S2-725732970,S2-764518325,S2-792231797,S2-833141620,S2-838267957,S2-913696074,S2-927585177,S2-958520683,S3-176247822,S3-190258864,S3-199492260,S3-264611021,S3-445099708,S3-452555311,S3-49946432,S3-507065891,S3-60830531,S3-614283228,S3-63181384,S3-631848800,S3-70520739,S3-751289636,S3-798497057,S3-803039867,S3-844900720,S3-895508500,S3-941536364,S3-957322728
S1-488537245	
S1-160103007	
S1-701892935	S2-178155886,S2-781383630,S2-847304418,S2-889316213,S2-922914924,S3-177527707,S3-499605887,S3-585963703,S3-871141022
S1-270609465	S2-340293248,S2-446091985,S3-457764913,S3-728665375
S1-735419931	
S1-21981800	
S1-984312810	S2-586606828,S3-431289296
S1-539053304	S2-575121521,S3-155953708
S1-900945148	
S1-830412925	
S1-477773796	S2-843856885
S1-142631764	S2-386529320,S3-191238197,S3-225354052,S3-299659452,S3-657070057,S3-856074700,S3-880870099
S1-7040061	S2-131009758,S2-232353480,S2-289260882,S3-129280515,S3-165101494,S3-828754498
S1-354301488	S2-651169634,S3-665673072,S3-700423099,S3-91135045
S1-207587850	S2-555037242,S2-648609688,S3-899688988
S1-915479091	
S1-73734420	S3-490089366,S3-904052529
S1-483434064	S2-495080342,S2-643641888,S2-837965764,S2-885641284,S3-160002981,S3-375520969,S3-497427158,S3-63659769,S3-706259037
S1-407280565	
S1-557547015	S2-100675840,S2-225140022,S3-469753552
S1-228678189	S2-940980942,S3-122250540,S3-254113145,S3-656881714,S3-939485755
S1-45414958	S3-306034762,S3-382309911
S1-959272256	S2-673860307
S1-928914408	
S1-254753234	S3-975712401
S1-137682774	S3-664135620
S1-476024246	S2-140900666,S3-122383804,S3-249005506,S3-346249381,S3-583033188,S3-869846161,S3-979256064
S1-800226602	S3-289709233
S1-334146653	
S1-459070718	
S1-997319680	S2-139825475,S2-157791486,S2-202432223,S2-21314473,S2-224207338,S2-252297659,S2-285197457,S2-320653163,S2-368410781,S2-381584937,S2-383512657,S2-458767850,S2-485784418,S2-497843279,S2-517094677,S2-545654475,S2-548468462,S2-616110136,S2-62182065,S2-628596387,S2-697815974,S2-711878346,S2-722585080,S2-772026067,S2-804874099,S2-817043979,S2-825251438,S2-843183685,S2-85450866,S2-864911430,S2-980488683,S3-108777322,S3-151426095,S3-179229455,S3-179471747,S3-205329076,S3-212162519,S3-226017704,S3-267440950,S3-267596911,S3-285481975,S3-321495404,S3-338955414,S3-411013772,S3-427443548,S3-452197228,S3-461951153,S3-487836035,S3-496112507,S3-511497426,S3-516287368,S3-537844273,S3-613828180,S3-62241079,S3-680542761,S3-788416284,S3-813448331,S3-854667426,S3-871499262,S3-917937640,S3-925662620,S3-940213309
S1-72785829	
S1-60550637	
S1-106653705	S3-975536277
S1-556845820	S2-114946319,S2-181695373,S2-18915331,S2-191174544,S2-210511756,S2-21312000,S2-271209601,S2-300742746,S2-32429459,S2-328812525,S2-331410741,S2-382148226,S2-414628189,S2-414703482,S2-432979028,S2-438174325,S2-461734112,S2-469058526,S2-475225206,S2-508044815,S2-517867423,S2-532605593,S2-547778148,S2-549912273,S2-561325645,S2-587561385,S2-617074114,S2-62002469,S2-629107783,S2-630902288,S2-660750481,S2-667460639,S2-690242077,S2-69788419,S2-700815957,S2-703120302,S2-729128914,S2-795794786,S2-826529607,S2-832547867,S2-833070583,S2-886810763,S2-891395595,S2-951051915,S2-958313219,S2-964754891,S2-965131424,S3-119341181,S3-122260457,S3-13051957,S3-145115206,S3-178445649,S3-179120858,S3-182025866,S3-185247961,S3-186586764,S3-199442598,S3-229928192,S3-242138781,S3-260061295,S3-266078204,S3-281809542,S3-284836070,S3-331397745,S3-3798571,S3-381369774,S3-396080763,S3-43315022,S3-526391142,S3-575940095,S3-585373673,S3-648486061,S3-654600547,S3-699914339,S3-715029604,S3-741507716,S3-74844815,S3-763670767,S3-766209302,S3-780249703,S3-803313686,S3-838985348,S3-850059855,S3-85678811,S3-865666785,S3-891123217,S3-896311069,S3-896742758,S3-925754783,S3-937154860,S3-979830564
S1-273979066	
S1-165673175	S2-258544172,S2-267402220,S2-425742459,S2-437878992,S2-529836864,S2-567304707,S2-5717801,S2-606085844,S2-642253508,S2-761912887,S2-824815138,S2-867035518,S2-908964557,S2-982832010,S2-995310648,S3-173443545,S3-211378955,S3-260391635,S3-342584678,S3-468742926,S3-557500352,S3-638340555,S3-785237251,S3-826057807,S3-940670939,S3-967009490
S1-509723568	
S1-91085118	S2-236643758,S2-444900570,S2-856419566,S2-967308373,S3-354418636
S1-520290406	
S1-48201804	S3-84849685
S1-582307657	
S1-749675254	
S1-168182736	
S1-715992753	
S1-539879230	S3-127246506
S1-739032625	
S1-94486532	S2-317218834,S2-364108228,S3-190367794,S3-284865497
S1-761286259	
S1-140279129	S3-618204478
S1-501989527	
S1-752489684	S3-701125729
S1-274310041	
S1-506296494	S2-190293459
S1-398602742	
S1-367749530	
S1-462035659	S2-130912628,S2-169332923,S2-215910597,S2-220408730,S2-243768407,S2-248540963,S2-270638638,S2-281935689,S2-289347852,S2-294487909,S2-318851552,S2-345285894,S2-358759796,S2-361419104,S2-386655254,S2-398196097,S2-399670025,S2-405020575,S2-440949671,S2-445866813,S2-453820260,S2-466951449,S2-492757411,S2-533358557,S2-548118224,S2-565497490,S2-567020758,S2-627718142,S2-637549537,S2-642986619,S2-660916458,S2-677884505,S2-779021893,S2-805784437,S2-813578405,S2-83782239,S2-840504770,S2-848485808,S2-85235416,S2-857560915,S2-866384761,S2-870697286,S2-871376797,S2-902033864,S2-909441930,S2-920515847,S2-952575079,S3-117024594,S3-134698611,S3-152846040,S3-159250454,S3-175799114,S3-193467336,S3-195425479,S3-2010956,S3-270818779,S3-276739690,S3-305906681,S3-309074774,S3-314507215,S3-339982223,S3-341022460,S3-359488179,S3-374204525,S3-383578782,S3-392143006,S3-399113709,S3-401199963,S3-411446650,S3-460655628,S3-490016900,S3-520887560,S3-531886770,S3-533220050,S3-539908655,S3-570211276,S3-651949420,S3-709747828,S3-732523768,S3-752927974,S3-761312058,S3-789107725,S3-804840886,S3-822234618,S3-839314270,S3-850073853,S3-898753398,S3-906830976,S3-915775649,S3-95578866,S3-968985485,S3-978317663,S3-99789159,S3-998093680
S1-581156957	
S1-760816941	
S1-994039959	
S1-650239343	S2-404233302,S3-224763343,S3-456150679,S3-764022542,S3-854676915,S3-954283230
S1-552321484	
S1-455806760	S2-432916554,S2-841544287,S3-292280113,S3-437009728,S3-833859155
S1-272502295	S2-863422363
S1-399242844	
S1-210055577	
S1-475934373	S2-103723681,S2-168262033,S2-170113192,S2-247755641,S2-25096621,S2-263993028,S2-289988010,S2-298891944,S2-310666906,S2-314139512,S2-315206062,S2-394449494,S2-414626017,S2-431720360,S2-479455649,S2-503162214,S2-507232201,S2-513212721,S2-559162969,S2-651059209,S2-676246700,S2-756710875,S2-789471603,S2-799151706,S2-885965673,S2-894217999,S2-951444514,S3-100367911,S3-101700699,S3-109670787,S3-116674896,S3-14459002,S3-188728858,S3-255317472,S3-27176542,S3-287542568,S3-317211727,S3-326511617,S3-335125856,S3-336522586,S3-351389224,S3-414464455,S3-417934479,S3-420297238,S3-421687020,S3-43931712,S3-456097158,S3-462674763,S3-473201890,S3-490414348,S3-525115614,S3-536546310,S3-546849153,S3-607523318,S3-625351515,S3-680743814,S3-680926089,S3-68333207,S3-694154803,S3-696685485,S3-71522754,S3-755755200,S3-765489866,S3-793685781,S3-805172331,S3-814299489,S3-869959198,S3-88177884,S3-910388098,S3-912372840,S3-968263539
S1-41217356	S2-651068659,S2-997870716,S3-268613656
S1-336993358	S2-908098760
S1-389234911	
S1-531436692	S2-302527014
S1-134717804	S2-135974389,S2-393263712,S3-198796243,S3-233600393,S3-420970830,S3-599996100,S3-783107551
S1-887193507	S3-611589354
S1-796967309	
S1-227546659	
S1-527408099	
S1-832785535	S3-412413727,S3-903038197
S1-279028557	S3-870302430
S1-200376709	S2-410397167
S1-959671957	
S1-528590391	S2-854031546
S1-63719584	
S1-292649689	S2-168387663,S2-270018695,S2-599179213,S2-607507881,S2-689004044,S2-772434794,S3-142644995,S3-31508439,S3-394822726,S3-510208734,S3-640933419,S3-961171910
S1-369859179	
S1-235913521	
S1-218685314	
S1-915189817	S2-105018370,S2-112203908,S2-134499975,S2-171625122,S2-184627066,S2-192828668,S2-226751476,S2-249654089,S2-254377861,S2-256269133,S2-259089442,S2-283315771,S2-333588229,S2-34721157,S2-368045868,S2-37312295,S2-399467015,S2-424531651,S2-433599598,S2-44144052,S2-46826152,S2-546318615,S2-559654613,S2-683254872,S2-686368673,S2-71094435,S2-730288922,S2-734368086,S2-760133686,S2-766812913,S2-786841239,S2-791661567,S2-806623788,S2-819684285,S2-857500555,S2-876607385,S2-904137803,S2-914343942,S2-942667882,S2-947592639,S2-95207788,S2-95497824,S2-970882868,S2-98357908,S3-115988015,S3-120963375,S3-184965532,S3-201422796,S3-230057093,S3-337052680,S3-376348971,S3-420669160,S3-458372659,S3-479401665,S3-495567659,S3-556481017,S3-573130403,S3-691112730,S3-761177761,S3-771619834,S3-797308125,S3-808626071,S3-826918485,S3-856115412,S3-860760607,S3-884553194,S3-89848250,S3-930390242,S3-952395319,S3-98220761
S1-453939454	S2-117342475,S2-120860844,S2-145374993,S2-147061323,S2-168452232,S2-182739198,S2-225789813,S2-232972968,S2-253307209,S2-257304448,S2-263903131,S2-270827160,S2-302014357,S2-317235098,S2-356116378,S2-473425506,S2-497122427,S2-500615861,S2-502173443,S2-52913586,S2-542459717,S2-554833641,S2-583536480,S2-597060355,S2-601803745,S2-609524731,S2-612346736,S2-639915730,S2-739510770,S2-753881837,S2-75843209,S2-772548110,S2-792235632,S2-793086987,S2-842030429,S2-857559212,S2-891580084,S2-912814483,S2-969699268,S3-162232742,S3-172374495,S3-217480236,S3-23712642,S3-24831225,S3-270129569,S3-271242194,S3-296491034,S3-312902428,S3-326832720,S3-368605863,S3-382207930,S3-486554634,S3-525685645,S3-532828896,S3-550070647,S3-582713029,S3-624153587,S3-649549434,S3-662047035,S3-665401960,S3-669676791,S3-71417751,S3-728400112,S3-762934169,S3-768462290,S3-789256352,S3-81095001,S3-832274189,S3-848264767,S3-927760131,S3-932129955,S3-932795583,S3-975238609
S1-391322859	
S1-62395269	
S1-761471261	
S1-350018831	S2-189416826
S1-553547335	
S1-402902918	
S1-472663407	S2-728888042
S1-908551239	S2-134206373,S2-164943212,S2-2201652,S2-448341078,S2-45685106,S2-604191351,S2-810575680,S2-905608247,S2-911753469,S3-402691826,S3-766614249,S3-871943207,S3-939504447
S1-709080642	
S1-114380129	S2-103123480,S2-141472634,S2-147035358,S2-154921945,S2-16831859,S2-170431399,S2-170728410,S2-186527698,S2-200428208,S2-208159109,S2-237363890,S2-242067379,S2-277860145,S2-296860844,S2-296955260,S2-321929216,S2-325179670,S2-330160177,S2-350866727,S2-354089639,S2-365097935,S2-384187030,S2-385920362,S2-395055075,S2-39702301,S2-399717089,S2-43199624,S2-438486989,S2-457113645,S2-458589716,S2-462945037,S2-468630336,S2-489788630,S2-493145930,S2-494852419,S2-495006836,S2-496077201,S2-49655108,S2-522779783,S2-526294459,S2-545050755,S2-545851411,S2-547092245,S2-550853085,S2-552757216,S2-57820033,S2-578571688,S2-591817581,S2-594485696,S2-603552854,S2-615366779,S2-621862040,S2-65040574,S2-655218221,S2-666359206,S2-683854736,S2-687665183,S2-689032195,S2-691826944,S2-694577251,S2-720583752,S2-724040858,S2-725669087,S2-727523686,S2-734115539,S2-74002177,S2-763013408,S2-77715731,S2-791552347,S2-792445220,S2-818902763,S2-819053753,S2-826521074,S2-851990899,S2-854873464,S2-880745839,S2-886789198,S2-901332342,S2-90451451,S2-904739176,S2-907081958,S2-907887548,S2-908249006,S2-917348506,S2-924718622,S2-924825632,S2-942190844,S2-954044828,S2-961590948,S2-962515222,S2-966525152,S2-995926453,S3-102248892,S3-11220587,S3-137123874,S3-141891049,S3-159164372,S3-18687517,S3-208835215,S3-218161437,S3-224128451,S3-225629627,S3-228306812,S3-251460510,S3-257402806,S3-261833785,S3-268102984,S3-269143230,S3-273706610,S3-277513456,S3-278290668,S3-286293919,S3-303376419,S3-308332058,S3-322013416,S3-32454781,S3-325631816,S3-328802358,S3-337771434,S3-338958053,S3-340004767,S3-341489500,S3-344177483,S3-349836671,S3-349936457,S3-350132199,S3-368182509,S3-373383929,S3-376511292,S3-376583923,S3-37663472,S3-37889340,S3-381978308,S3-385286948,S3-394659170,S3-403927657,S3-425200836,S3-425708486,S3-426619612,S3-428497689,S3-432090048,S3-437160799,S3-452371681,S3-455700676,S3-457754518,S3-462349917,S3-491145917,S3-50907685,S3-515730640,S3-528484281,S3-532017253,S3-534100100,S3-535072814,S3-538640105,S3-547983173,S3-548890019,S3-558774961,S3-576383180,S3-583809615,S3-588100814,S3-592509900,S3-60909239,S3-609892685,S3-61496859,S3-622173500,S3-623228264,S3-629064113,S3-630590160,S3-632121457,S3-633415333,S3-638845052,S3-639952390,S3-645076138,S3-657398352,S3-674283229,S3-676312343,S3-677122513,S3-679471155,S3-683085993,S3-684279169,S3-688814798,S3-693514241,S3-696944280,S3-697787648,S3-712248320,S3-71829524,S3-725903303,S3-736017859,S3-746086741,S3-754674258,S3-755469661,S3-760390606,S3-765727554,S3-768938269,S3-776913397,S3-778837375,S3-786152754,S3-794109423,S3-797888909,S3-809451634,S3-81226184,S3-814820025,S3-817227007,S3-820444185,S3-8239519,S3-827287036,S3-828570504,S3-832689378,S3-8354527,S3-838819767,S3-843195153,S3-85306902,S3-872000993,S3-877071306,S3-889630080,S3-902177663,S3-906411275,S3-907537559,S3-929711888,S3-935369261,S3-93678457,S3-953162140,S3-963697868,S3-974156088,S3-980338204,S3-982851333,S3-990864838,S3-992417703,S3-996982749
S1-113606541	S2-428728716,S2-458440001,S2-920831511,S3-323472490,S3-403935982,S3-468079371,S3-480090690,S3-888235066
S1-102881886	S2-76048368,S3-2090070,S3-400514437
S1-609076271	
S1-339374417	
S1-744315333	S2-101129784,S2-165042393,S2-173723439,S2-183798028,S2-218347945,S2-263649878,S2-273098752,S2-287323223,S2-34968742,S2-357253311,S2-366362607,S2-375608338,S2-37684744,S2-387557889,S2-397412749,S2-437261171,S2-509116600,S2-558807359,S2-56973820,S2-591043625,S2-636967512,S2-672097843,S2-67792563,S2-687186612,S2-718921026,S2-738720231,S2-745356474,S2-761641907,S2-787581504,S2-804805284,S2-8127689,S2-879929801,S2-908656806,S2-938880152,S2-947162770,S2-951836072,S2-998535480,S3-113993122,S3-152265491,S3-160516325,S3-168472557,S3-214503139,S3-244197759,S3-268900673,S3-2955179,S3-296518654,S3-296878016,S3-297263632,S3-300413574,S3-331899258,S3-418052804,S3-467462248,S3-538126793,S3-576108561,S3-627602035,S3-703197377,S3-753935409,S3-758371220,S3-768888189,S3-797564641,S3-799995945,S3-820473990,S3-828124919,S3-886192517,S3-890489509,S3-917855522,S3-918654516,S3-939695735,S3-979386583,S3-997967864
S1-130377203	S2-129675582,S2-157755469,S2-159663090,S2-160638098,S2-168814754,S2-171001772,S2-175754028,S2-189452226,S2-201364982,S2-219309623,S2-255426727,S2-258487160,S2-286704626,S2-293340145,S2-294836189,S2-298175908,S2-29830450,S2-305280163,S2-316294001,S2-37213800,S2-391943962,S2-393259602,S2-403734081,S2-40634499,S2-408233415,S2-414847560,S2-42439460,S2-434376860,S2-435170686,S2-454990661,S2-494766634,S2-517246937,S2-529665566,S2-54825273,S2-551502833,S2-608703616,S2-608929184,S2-625824699,S2-633760579,S2-638361571,S2-6660607,S2-693898767,S2-69996430,S2-705583365,S2-726193863,S2-733086943,S2-737725843,S2-739754705,S2-739798502,S2-746306857,S2-753343506,S2-75432467,S2-78088571,S2-796379432,S2-835183890,S2-846937172,S2-858712799,S2-880364894,S2-88703135,S2-892480644,S2-899279235,S2-936298762,S2-964605703,S2-975292954,S2-98270198,S2-996014636,S2-996388564,S3-111004574,S3-115853377,S3-143254565,S3-156746749,S3-162871742,S3-190234551,S3-191089014,S3-194987068,S3-202042181,S3-219319881,S3-225969369,S3-231374064,S3-245015357,S3-257653921,S3-276775250,S3-278762346,S3-29434015,S3-302183769,S3-304767884,S3-345296336,S3-346797115,S3-349918926,S3-368806582,S3-371044706,S3-377929415,S3-385761419,S3-388377066,S3-391982603,S3-418453371,S3-423924760,S3-433790387,S3-438752854,S3-448031232,S3-452198499,S3-462029696,S3-503430681,S3-508722155,S3-543856877,S3-550134789,S3-554540835,S3-673802877,S3-67445545,S3-676529474,S3-698466781,S3-706364004,S3-741776146,S3-744977988,S3-746235732,S3-749760459,S3-759611800,S3-768408269,S3-778518322,S3-781325168,S3-798599339,S3-801577452,S3-810532183,S3-826454275,S3-890680105,S3-893372784,S3-901102054,S3-904416098,S3-909411105,S3-951498035,S3-984796274,S3-985923482
S1-238331147	S3-244297136
S1-460833036	S2-417314134
S1-650704989	S2-194686003,S3-512693282
S1-995584103	
S1-956930131	S2-107859071,S2-153117992,S2-185398345,S2-187040576,S2-213372411,S2-264679994,S2-322080368,S2-334234520,S2-353922864,S2-399185991,S2-442892441,S2-444552059,S2-477501247,S2-493779205,S2-517106313,S2-566345675,S2-57709457,S2-578306891,S2-59704620,S2-653448387,S2-716823476,S2-728586421,S2-736579007,S2-747485222,S2-768905458,S2-781870446,S2-792578693,S2-794170560,S2-816209095,S2-817843046,S2-836968363,S2-841941607,S2-851028636,S2-852383715,S2-874465057,S2-993276227,S3-106047272,S3-110124834,S3-142063396,S3-212610586,S3-213559700,S3-230584641,S3-236403277,S3-239724427,S3-244425069,S3-250096882,S3-290607546,S3-307231969,S3-321384198,S3-333462004,S3-336297737,S3-358161988,S3-392805271,S3-408070684,S3-459523193,S3-495463636,S3-510515994,S3-517433112,S3-545323278,S3-559621349,S3-716388957,S3-727358282,S3-7594075,S3-79056585,S3-816201364,S3-870108481,S3-888783275,S3-928267993,S3-930047109,S3-938486187,S3-94941240,S3-955427700,S3-972455394
S1-976027745	
S1-406771676	
S1-558129390	
S1-558262132	
S1-771350895	S2-838002948
S1-432478198	
S1-259948914	
S1-980320825	S2-188045260,S3-62466200
S1-974370004	S3-299295929,S3-355112146,S3-454124248,S3-474842271,S3-636125522,S3-691682635,S3-749045631,S3-816794436,S3-89502587
S1-601242427	S2-147352266,S2-181992309,S2-196753696,S2-200852527,S2-30737089,S2-390785966,S2-447977906,S2-460443448,S2-482164517,S2-627366304,S2-635591727,S2-652023345,S2-675742778,S2-729294397,S2-746656039,S2-763343131,S2-89627488,S2-960373594,S2-979885243,S3-13641725,S3-142859753,S3-159067976,S3-188063360,S3-321490058,S3-327441924,S3-367567016,S3-376347707,S3-40392637,S3-495618899,S3-502063024,S3-517962944,S3-518724377,S3-536282069,S3-565507291,S3-611017033,S3-625032608,S3-648678412,S3-680964981,S3-88077982,S3-903179251,S3-916663370
S1-177380392	S2-451037564,S3-378608618,S3-476215162,S3-707920302
S1-98065022	S2-145906373,S2-480998868,S2-529006370
S1-375669649	S2-154162455,S2-626639155,S3-982808091
S1-130813878	
S1-388874339	S2-903100372
S1-843616710	
S1-823546667	S3-881741523
S1-656987935	
S1-998949892	S3-169325364
S1-858511549	S2-170943933,S2-309690358,S2-65024953,S2-658327943,S2-730276251,S2-798336724,S3-153196167,S3-957573526,S3-991003601
S1-342712677	
S1-566822758	
S1-801645099	
S1-177844289	S2-436011255,S2-502950472,S3-949817957
S1-659932965	S2-172705139,S2-332379346,S2-376543575,S2-427728464,S2-566124436,S2-571653935,S2-701554366,S2-817863527,S2-848453824,S2-868529028,S2-885879199,S2-886264644,S2-917882206,S3-158800572,S3-181343015,S3-265276409,S3-265615391,S3-292962469,S3-324233751,S3-434283756,S3-545636501,S3-567220421,S3-570219564,S3-874523228,S3-901648121,S3-997488871
S1-228393799	S2-857112343
S1-350053232	S2-631356119,S3-169214028,S3-492548521,S3-532444262,S3-67156109,S3-708802833,S3-836774337
S1-568551826	
S1-148428619	S2-335387362,S3-42131093,S3-444936546,S3-759357098,S3-763709601
S1-591365175	S2-281572075,S2-89869234
S1-585187511	S2-129820444,S2-142537017,S2-147509530,S2-157046875,S2-157097738,S2-16661454,S2-171918067,S2-212921298,S2-231773876,S2-24830547,S2-253807679,S2-264982147,S2-269386162,S2-322394472,S2-329655521,S2-356792788,S2-361921632,S2-372559141,S2-382801761,S2-38334881,S2-389710240,S2-404026928,S2-405121962,S2-416604221,S2-421333300,S2-437329443,S2-447071399,S2-450804883,S2-49392050,S2-51544589,S2-521749627,S2-523330880,S2-548036931,S2-551526529,S2-591479970,S2-601429629,S2-606271866,S2-632697613,S2-67375485,S2-696703938,S2-711630066,S2-727411853,S2-730980616,S2-789424284,S2-798955166,S2-804230414,S2-817118860,S2-834554121,S2-865580371,S2-875252317,S2-879580554,S2-887689540,S2-908908054,S2-916057041,S2-920928025,S2-921732465,S2-921816474,S2-955886714,S2-97002302,S2-970988645,S3-107344267,S3-125135365,S3-130380800,S3-151042388,S3-214612543,S3-2214847,S3-238298331,S3-242101363,S3-243773894,S3-250513302,S3-302648632,S3-313053034,S3-341014418,S3-347940928,S3-349221648,S3-355234317,S3-380908498,S3-406677539,S3-423791290,S3-436667935,S3-440735751,S3-459665031,S3-466062118,S3-474837242,S3-48706979,S3-507985121,S3-524298457,S3-531622196,S3-538855372,S3-546158679,S3-55892067,S3-560782613,S3-585638019,S3-616206742,S3-649006750,S3-66080541,S3-661296012,S3-688641162,S3-694175596,S3-700597355,S3-723358649,S3-725312329,S3-733378771,S3-739123350,S3-768319601,S3-768739568,S3-77206752,S3-781010065,S3-810499461,S3-828961179,S3-84524881,S3-858055181,S3-894883071,S3-902772642,S3-957732622,S3-964033868
S1-477308019	S2-278067963,S2-493025591,S2-550380924,S2-601942820,S2-670138930,S2-745333259,S2-863543759,S2-870924384,S2-933221094,S3-39497557,S3-403087816,S3-507101306,S3-791220833,S3-810045019,S3-957978027
S1-611838759	
S1-943911835	S3-747444988
S1-487408870	S2-399071031
S1-201577703	S2-333075667
S1-292393735	S2-144934301,S2-25747873,S2-56996174,S2-902105931,S3-109675471,S3-150879841,S3-158953559,S3-166518370,S3-388112176,S3-642150906,S3-781965572,S3-921439164
S1-611106612	S2-499264282,S3-11811200,S3-155639067,S3-260178138,S3-686236518,S3-745932161,S3-900192800,S3-921942946
S1-949279814	S2-876517323
S1-619314161	S3-139844900,S3-50726501,S3-683010454,S3-836938474,S3-912828291
S1-893609958	S3-487707403
S1-420365721	
S1-148958598	S2-115729827,S2-12892689,S2-16609582,S2-196641811,S2-217878482,S2-227932293,S2-233426900,S2-260873567,S2-308862352,S2-330636788,S2-432981175,S2-478467028,S2-488307440,S2-53587033,S2-642475858,S2-675298745,S2-68195174,S2-713384344,S2-727821195,S2-775245483,S2-778773576,S2-795511423,S2-820985393,S2-823014700,S2-828827466,S2-839605369,S2-8627822,S2-879942381,S2-892152038,S2-912291258,S2-967159651,S2-979381177,S3-116359668,S3-200365006,S3-219576315,S3-358162239,S3-362820793,S3-395006429,S3-400110539,S3-407719631,S3-410708293,S3-430429760,S3-483952901,S3-54070070,S3-572420490,S3-579334762,S3-608484176,S3-608822167,S3-649216338,S3-676244988,S3-678745778,S3-682768750,S3-739687411,S3-767710156,S3-781127028,S3-845561317,S3-859033397,S3-860262325,S3-887654834,S3-898081515,S3-903523821,S3-977339221,S3-989744276,S3-996712953
S1-163521308	S2-589482862
S1-459799143	
S1-465376969	S2-484178572,S2-832509788,S3-42495993,S3-431616497,S3-518939117,S3-774417468
S1-281523825	S3-520960104
S1-641579109	S2-298182599,S2-418777390,S2-916708687,S2-997152694,S3-116828071,S3-175190139,S3-538002274,S3-545597733,S3-629295891,S3-759667987,S3-81806736
S1-458605878	S2-14108395
S1-17225841	
S1-263994317	
S1-951451939	S2-936644698,S3-572653678,S3-735622584,S3-750731957,S3-79645421,S3-952627606
S1-957630265	
S1-172454778	S2-123502463
S1-308240187	S2-834242070
S1-97737266	S2-656425261,S2-681759890,S2-719301355,S2-997894270
S1-323199760	
S1-108027852	S2-358152118,S2-689890059,S2-825925513
S1-42643591	S2-349039396,S2-360603976,S2-368875548,S2-422966944,S2-656306550,S2-897853966,S2-986586627,S3-208802298,S3-314197076,S3-510647137,S3-571144911,S3-574221126,S3-773628304,S3-825942539
S1-349719765	
S1-863881054	
S1-905824996	
S1-310744384	
S1-755416342	S2-284356965
S1-303791674	
S1-82102704	S2-6184433,S2-970257587,S3-942094633
S1-42848680	
S1-62689130	
S1-501073561	
S1-726860670	
S1-979860618	S2-100539148,S2-111223105,S2-11144927,S2-114212739,S2-121037172,S2-121079549,S2-124423736,S2-126186242,S2-126878295,S2-129634517,S2-129862458,S2-137540458,S2-137986605,S2-14018080,S2-144390312,S2-145868678,S2-147423563,S2-150278608,S2-151364780,S2-152921596,S2-15791996,S2-175132934,S2-178137034,S2-182822788,S2-185205318,S2-186401656,S2-187360217,S2-190583428,S2-191642836,S2-194077507,S2-19643586,S2-199251349,S2-204976368,S2-21196266,S2-213487394,S2-217579020,S2-241426826,S2-249453502,S2-255041975,S2-27044795,S2-276411939,S2-286884375,S2-290854941,S2-302185840,S2-308263276,S2-32000324,S2-320080134,S2-322308888,S2-322549289,S2-330488336,S2-330649984,S2-330794196,S2-331336432,S2-33338001,S2-33587045,S2-338026973,S2-343356070,S2-347191083,S2-347422303,S2-348199122,S2-360548839,S2-369019995,S2-372202218,S2-380844305,S2-393046309,S2-400208514,S2-40928133,S2-418858367,S2-423478455,S2-43249744,S2-441165257,S2-441673279,S2-445147077,S2-446512759,S2-451032394,S2-456644680,S2-458199796,S2-468405462,S2-476197278,S2-480388294,S2-483257251,S2-485387631,S2-490193347,S2-496727568,S2-497099791,S2-505625136,S2-51880750,S2-519310425,S2-519437230,S2-521756127,S2-5219079,S2-522075249,S2-523924930,S2-525690059,S2-526470533,S2-537077181,S2-537736350,S2-542375450,S2-544705064,S2-55202306,S2-553139408,S2-555293565,S2-557107792,S2-557529659,S2-564777115,S2-577447691,S2-584113512,S2-589045340,S2-593410275,S2-593786828,S2-596060345,S2-59797227,S2-609184378,S2-61244854,S2-61550131,S2-619501416,S2-621910817,S2-62548930,S2-649328358,S2-655770636,S2-656210867,S2-662431533,S2-667628225,S2-670731444,S2-674043046,S2-680096258,S2-690354677,S2-698383825,S2-701563719,S2-710172447,S2-717421413,S2-718116300,S2-720446061,S2-732065856,S2-741019158,S2-744831479,S2-747893423,S2-749378708,S2-75103915,S2-751347429,S2-75393376,S2-761945875,S2-777362968,S2-780023554,S2-780534238,S2-780551312,S2-780776212,S2-784143921,S2-785200183,S2-790012942,S2-791103194,S2-795755063,S2-79906595,S2-803553004,S2-813828221,S2-818350100,S2-832486327,S2-83679381,S2-837978989,S2-847901350,S2-849925433,S2-850292215,S2-850892023,S2-852578388,S2-856832944,S2-86962147,S2-871594756,S2-878041572,S2-883425118,S2-88666477,S2-901069780,S2-90138268,S2-915349659,S2-92789153,S2-940528074,S2-956079819,S2-959129541,S2-96600465,S2-972731844,S3-112727090,S3-116887674,S3-127394516,S3-128550950,S3-128626732,S3-131218697,S3-145116502,S3-148551969,S3-149856491,S3-154819812,S3-155122686,S3-15984876,S3-165376184,S3-167542327,S3-170472980,S3-174991793,S3-178685997,S3-196865305,S3-212347777,S3-213906091,S3-214721223,S3-219171312,S3-219183366,S3-219641056,S3-222020273,S3-235196077,S3-236824703,S3-23735128,S3-242865792,S3-246308533,S3-253917160,S3-257820931,S3-26362601,S3-265508768,S3-272430338,S3-281507213,S3-281616660,S3-289343083,S3-289611869,S3-290388813,S3-290943218,S3-291140200,S3-29149240,S3-305118318,S3-310746857,S3-312216429,S3-317235806,S3-319089332,S3-320881063,S3-330159609,S3-340189952,S3-35377303,S3-355436520,S3-355854749,S3-359209312,S3-361201190,S3-367049214,S3-368296247,S3-372031416,S3-373708418,S3-374966698,S3-375914074,S3-376512612,S3-38273611,S3-3831930,S3-401106794,S3-411001607,S3-425408592,S3-425588944,S3-435699144,S3-450131898,S3-453191099,S3-460775116,S3-466991956,S3-4670612,S3-468080729,S3-473379803,S3-474586931,S3-476840342,S3-481751828,S3-484363793,S3-492000935,S3-495840151,S3-499644515,S3-503618739,S3-506928124,S3-514745357,S3-521438440,S3-526801334,S3-53215250,S3-532695001,S3-534855239,S3-535962125,S3-540735083,S3-541066198,S3-543007550,S3-544540120,S3-548523620,S3-550003795,S3-55139419,S3-560891676,S3-565850705,S3-571849952,S3-57918248,S3-580259088,S3-580315151,S3-581420213,S3-585786800,S3-588609310,S3-597881307,S3-599330586,S3-59933654,S3-600713405,S3-602702628,S3-603082508,S3-603643629,S3-609113939,S3-620681998,S3-621967475,S3-640270720,S3-649350697,S3-662459386,S3-668540120,S3-669626231,S3-671367319,S3-672627799,S3-673455897,S3-675846148,S3-681666067,S3-685360106,S3-704030886,S3-708607512,S3-713178508,S3-714764973,S3-720781040,S3-724655431,S3-726461438,S3-731026608,S3-737268199,S3-738711858,S3-741065065,S3-742659660,S3-74427967,S3-747437273,S3-754063984,S3-755161144,S3-757008084,S3-766134190,S3-769246241,S3-775310365,S3-78025932,S3-789224858,S3-794428934,S3-796535836,S3-797408753,S3-799087102,S3-815094061,S3-81806374,S3-819930695,S3-827023989,S3-832555065,S3-842689830,S3-850806857,S3-858380939,S3-859957354,S3-868936338,S3-871217751,S3-878410939,S3-887786347,S3-892059792,S3-893239625,S3-904452092,S3-907063526,S3-909128313,S3-91059434,S3-911213563,S3-917292948,S3-921090230,S3-925318698,S3-927595369,S3-940647417,S3-944108455,S3-947658860,S3-947873690,S3-950912364,S3-975590155,S3-994234351,S3-997963964,S3-999983073
S1-203924219	
S1-802078075	S3-403900327
S1-487019031	
S1-996523584	
S1-701406091	S2-591845836
S1-327553650	S2-21405046,S2-218113271,S2-274364330,S2-35233400,S2-353238554,S2-419626913,S2-440318852,S2-532979852,S2-534783306,S2-541028817,S2-602165367,S2-637976656,S2-663596260,S2-688689558,S2-737241122,S2-743485745,S2-903507381,S2-911148328,S2-935101559,S2-960046763,S2-982225051,S3-158646860,S3-176769799,S3-214067428,S3-483082123,S3-531101218,S3-595746038,S3-698085789,S3-700525759,S3-878412247,S3-925983465,S3-929122019,S3-937050391,S3-943017209,S3-981073369
S1-42184977	S2-515260001
S1-388617413	S2-999827941
S1-106766409	
S1-709888578	
S1-202530197	S2-393806672,S3-706516514
S1-462108517	S2-214436599,S3-547257205
S1-492381760	
S1-194603851	S2-191082432,S2-244831499,S2-518300904,S2-5914736,S2-59722543,S2-709096262,S2-965313413,S2-968098032,S2-97141635,S3-153858013,S3-187762442,S3-233051653,S3-60346760,S3-627860438,S3-752873823,S3-87820442
S1-487865990	
S1-896341705	S2-741660867,S3-131536804
S1-178961928	
S1-593436824	S2-562627702,S3-222401410
S1-70746778	
S1-384152983	S2-204178722,S2-414737483,S2-797665437
S1-540458030	
S1-220334720	S3-404451052,S3-438460997
S1-406655545	S2-436481739,S2-531149595,S2-693419703,S3-349174602,S3-579366478,S3-95131837
S1-13864555	S3-238429745
S1-216986373	
S1-434086049	S3-616017202
S1-302643182	
S1-762326721	S3-252873818,S3-808186239,S3-953755224
S1-682041645	S2-17887490,S2-90119518
S1-56629354	
S1-75631487	
S1-520361644	S3-577539728
S1-390937720	
S1-104218993	
S1-328105321	S2-308867760
S1-942449735	
S1-716830359	
S1-34916446	S2-854133226,S3-221629420,S3-325400420,S3-32703185,S3-333526973,S3-391967537,S3-404917547,S3-639540602,S3-873480015
S1-585407266	
S1-458223959	S2-106579279,S2-124124193,S2-131915605,S2-136913011,S2-138231553,S2-23890008,S2-255072715,S2-291320823,S2-294504089,S2-304924834,S2-323199264,S2-390261034,S2-410422868,S2-437684939,S2-452974123,S2-634882554,S2-859232944,S3-260716081,S3-264355635,S3-277956147,S3-30389693,S3-40729442,S3-418681907,S3-586655218,S3-594019943,S3-624055498,S3-65373771,S3-73767984,S3-744616401,S3-814869368,S3-818016577,S3-83010527,S3-830708040
S1-489817305	
S1-642038314	S2-17363979,S2-365875258,S2-423262406,S2-427003341,S2-564925995,S2-752809419,S2-779565306,S3-167736577,S3-485557635,S3-970711620,S3-971163763
S1-566137077	S3-106437410
S1-524463249	S3-484090961
S1-641249328	S3-976622317
S1-738271924	S2-84599240,S3-870702458
S1-40864644	S3-494277275
S1-303700722	
S1-617253448	S3-6810267
S1-379692908	S3-185738615
S1-697294833	S2-291019612,S2-725288982,S2-781850212,S2-974071252,S3-247433040,S3-596390596
S1-140882270	
S1-199339248	
S1-723275887	S2-429982966,S3-935381634
S1-75627448	
S1-169326669	
S1-981670420	
S1-418423816	S2-186118873,S3-77165765
S1-199429633	
S1-663286282	
S1-159514912	S2-13037307,S2-170154097,S2-286866588,S2-433000413,S2-473084446,S2-61948943,S2-657892552,S2-664807963,S2-691256949,S2-719491358,S2-988959790,S3-561655038,S3-592965414,S3-63898582,S3-66788997,S3-740709992
S1-736761428	S3-316128010,S3-626502006
S1-327370768	S3-694159745
S1-553334532	S2-101544480,S2-13041552,S2-47087232,S2-522586694,S2-584359113,S2-750289215,S3-1576287,S3-315430266,S3-67339687
S1-917409598	S2-326630314
S1-621488405	
S1-685028795	
S1-545790155	S2-135296109,S2-169759171,S2-312200044,S2-325467676,S2-351326485,S2-355004438,S2-358900067,S2-400696783,S2-403567092,S2-437258748,S2-491281219,S2-530799134,S2-547337436,S2-58759081,S2-601910449,S2-606922535,S2-61378444,S2-657586601,S2-697286403,S2-736240373,S2-755363837,S2-926182831,S2-953454603,S2-996710896,S3-110189353,S3-161409492,S3-199833759,S3-232442814,S3-246191589,S3-269345006,S3-296908218,S3-383284029,S3-440383430,S3-460997776,S3-464635242,S3-501239171,S3-562472413,S3-619635019,S3-681298210,S3-733584878,S3-796853371,S3-799022327,S3-822107754,S3-856885900,S3-916692107,S3-928844508
S1-815441395	
S1-26906339	S2-782459729,S2-79130243,S3-355180207,S3-772648134,S3-888918426
S1-144913221	S2-467517286,S2-622392426,S3-980387521
S1-17779586	
S1-397935071	S2-787813031
S1-998207330	
S1-686749094	S2-625907446
S1-123331890	S2-337555187
S1-579194394	S2-838210588
S1-786620416	S2-215270607,S2-28163592
S1-350560084	
S1-950265172	
S1-338830003	S2-101957561,S2-125622719,S2-13602542,S2-153606811,S2-331706931,S2-33491665,S2-425974213,S2-503397247,S2-511664979,S2-644078011,S2-659478502,S2-666343104,S2-676740422,S2-801409112,S2-841379062,S2-862471208,S2-871500716,S2-955047362,S3-131354978,S3-303314131,S3-349528383,S3-419033489,S3-420559946,S3-422863620,S3-482825739,S3-518061157,S3-616059912,S3-810534202,S3-83567519,S3-922938695,S3-989423485
S1-418655393	S2-937640912
S1-429691516	
S1-106410807	S2-15767005
S1-770749194	
S1-404124513	
S1-993662167	S2-535049261,S2-643296396,S2-74000018,S2-881999236
S1-819933808	S2-320638570
S1-631152952	S2-129063104,S2-185896480,S2-230531256,S2-269018098,S2-408211520,S2-461641557,S2-574625498,S2-57972075,S2-614766956,S2-790793109,S2-803915441,S2-822263631,S2-844699240,S2-894182583,S2-918529791,S2-964920674,S3-202803633,S3-280411562,S3-408647831,S3-453720730,S3-456056333,S3-499642070,S3-571807520,S3-631385882,S3-645548689,S3-736902022,S3-741645368,S3-745941320,S3-74747464,S3-897874825
S1-824919785	
S1-739611320	S3-329810024
S1-362007759	S2-353033201,S2-829092932,S2-858129912,S2-967518328,S3-18887450,S3-24155536,S3-297687810,S3-561999837,S3-682307458,S3-687963577,S3-712630164,S3-976289334
S1-91665845	
S1-208942438	
S1-376656562	S2-652280083,S3-563718823,S3-669555371,S3-80182128
S1-967173158	S2-635171575,S2-870324737,S2-915278476,S3-30570515,S3-422362033
S1-521250108	
S1-861123839	S3-489926400
S1-549612411	S3-76178227
S1-783056748	S2-582212197
S1-609653903	S2-105364346,S2-115146692,S2-135389869,S2-233453539,S2-24744505,S2-281941069,S2-285788948,S2-290662890,S2-439441326,S2-677643362,S3-153968536,S3-279610374,S3-330371449,S3-467531287,S3-526670106,S3-632057390,S3-64426730,S3-648403752,S3-662840296,S3-777098927,S3-787539279,S3-83080952,S3-917042085,S3-917914333,S3-956092385
S1-355649086	S2-528786884,S3-233695767
S1-511355563	S2-116470012,S2-172571565,S2-95935235,S3-141246458,S3-495648474,S3-51897752,S3-56042671,S3-639981076
S1-152556345	S2-195869011
S1-662196575	
S1-167577766	
S1-131053132	S2-4121966,S3-398018099
S1-892015074	S2-122510190,S2-505643335,S3-116405310,S3-254275834,S3-263659221,S3-303761037,S3-451226246,S3-571067006,S3-631470503,S3-796044881
S1-246478198	S2-158962555,S2-447304032,S2-534024601,S2-551414133,S2-711518627,S2-75131616,S2-829372859,S2-974048755,S3-284311092,S3-325584580,S3-475561833,S3-596390630,S3-810568319,S3-986624330
S1-908932165	S3-19346153
S1-335478469	S3-390729257
S1-850983521	
S1-504285887	S2-262055586,S2-982607637,S3-142720701,S3-427444299,S3-833340294
S1-392219093	S3-556582837
S1-593999035	
S1-222806068	S2-167298441,S2-321413476,S2-928627812,S3-187685833,S3-237223888,S3-864167654,S3-992223808
S1-856710782	S2-716922145,S2-972582106,S3-890385484
S1-774387323	S2-263411638
S1-665624518	S2-322111888,S2-547356270,S2-677683628,S3-11140004,S3-137473234,S3-34084970,S3-656212484,S3-659890260,S3-898766976,S3-941487332
S1-513223898	S2-128605751,S2-283428528,S3-136727846,S3-276485254,S3-346037922,S3-511242200,S3-592356081,S3-616628870
S1-40341246	S2-795734416
S1-84172548	S2-517985367,S2-674284128,S3-255208614,S3-480292832,S3-784627409,S3-957506021
S1-433213068	
S1-446613662	
S1-84838337	S2-110362477,S2-11862585,S2-164949183,S2-245073127,S2-264799203,S2-311836180,S2-314275618,S2-41531043,S2-418056768,S2-425496593,S2-549838206,S2-585196783,S2-644763550,S2-668390757,S2-843392181,S2-850110172,S2-890957486,S2-928704872,S3-103400816,S3-109809228,S3-262274672,S3-284230243,S3-412137880,S3-46851548,S3-485043397,S3-642205879,S3-694098158,S3-695194911,S3-707441456,S3-714524945,S3-857025170,S3-873486361,S3-898037437,S3-911616007,S3-921906279
S1-833798119	S2-961912639
S1-479915851	S2-474294615,S3-548323443
S1-542211755	S2-301973875,S2-302470832,S2-386744820,S2-394621054,S2-453236714,S2-537665229,S2-538054550,S2-598002760,S2-619203946,S2-729528778,S2-980230879,S3-224298004,S3-22566413,S3-586951679,S3-632434385
S1-948549202	S2-349491223,S2-555748605,S2-595003510,S2-640961254,S2-86213673,S2-948795911,S2-960291518,S3-132045828,S3-182917012,S3-350443036,S3-382119479,S3-449038706,S3-640333812
S1-652564669	
S1-261133992	S3-392984221,S3-398707362,S3-557384741,S3-974087195
S1-277460033	S2-606721283
S1-802494740	S2-312813118,S2-387290462
S1-486185859	S2-112862108,S2-187302068,S2-368229696,S2-416606688,S2-556471383,S2-562554230,S2-569953636,S2-625114194,S2-633712296,S2-770901031,S2-775464849,S2-907964050,S2-915075425,S2-954984913,S3-156595561,S3-172485866,S3-399313596,S3-424657732,S3-572818915,S3-587919399,S3-648698544,S3-727255403,S3-83725154,S3-840115393,S3-872652637
S1-435143060	S2-312409606,S3-904330088
S1-917085859	S2-195644325,S2-49947604,S3-440940185,S3-776543884
S1-878053360	
S1-505090910	S2-117186909,S2-132322532,S2-139178481,S2-168224554,S2-181345297,S2-232889837,S2-312748561,S2-320474078,S2-401710572,S2-432965540,S2-475292015,S2-485605015,S2-537311426,S2-539111175,S2-662356589,S2-702009407,S2-898742693,S2-926087590,S2-956225080,S2-967870191,S3-165442556,S3-202182771,S3-222330680,S3-244751796,S3-366276646,S3-380137378,S3-452599886,S3-45425714,S3-461156476,S3-499529708,S3-519299498,S3-599920933,S3-61373195,S3-711855420,S3-736803756,S3-75993780,S3-818493632,S3-835107836,S3-871426954,S3-948448368
S1-148758725	
S1-25879788	
S1-234423373	
S1-460146213	S2-357259900,S2-638773559,S3-559677637,S3-630683306
S1-469535575	
S1-328996647	
S1-298826786	S3-951759216
S1-803590345	S2-110840910,S2-113883487,S2-127868998,S2-152950850,S2-161883576,S2-169480237,S2-189202002,S2-222910306,S2-223661524,S2-23728616,S2-252130764,S2-25624540,S2-262584992,S2-268605309,S2-268971855,S2-290161185,S2-300720438,S2-304930221,S2-307662957,S2-310362858,S2-314802558,S2-349232715,S2-356135990,S2-35818144,S2-361545182,S2-365096757,S2-371647827,S2-37384053,S2-378857874,S2-38696758,S2-389471000,S2-413093227,S2-425417786,S2-430530857,S2-43275453,S2-459806358,S2-468315976,S2-484577606,S2-537837655,S2-538812525,S2-541004230,S2-556405995,S2-557966972,S2-558908766,S2-56606831,S2-57476874,S2-575654513,S2-588208799,S2-589570940,S2-59233011,S2-627077990,S2-632311719,S2-649927087,S2-668189279,S2-677907136,S2-696312862,S2-708749688,S2-716244974,S2-723214357,S2-730362318,S2-73503458,S2-744091930,S2-744976354,S2-74724236,S2-751874107,S2-752079811,S2-758392845,S2-761557906,S2-782630820,S2-798926895,S2-822726122,S2-825044729,S2-835982254,S2-839771912,S2-840596005,S2-85200192,S2-860988596,S2-879695630,S2-883721098,S2-892848561,S2-893216859,S2-896458432,S2-899767421,S2-906223353,S2-914609665,S2-915986620,S2-916345423,S2-929708969,S2-93128222,S2-941421676,S2-942093885,S2-94534949,S2-947518937,S2-955895802,S2-961604507,S2-967137595,S2-980895130,S2-998199484,S3-100182470,S3-10889589,S3-113691160,S3-115328607,S3-122049832,S3-131425131,S3-133126560,S3-141809034,S3-150945400,S3-152255866,S3-165258327,S3-189175782,S3-214039211,S3-224417409,S3-229519117,S3-231948931,S3-238444775,S3-251727097,S3-257710477,S3-266400063,S3-284714096,S3-337845736,S3-339238808,S3-350836296,S3-354287361,S3-374983573,S3-396164639,S3-414413999,S3-436296085,S3-436976111,S3-478840633,S3-488868527,S3-489351465,S3-490303221,S3-493933645,S3-511293810,S3-513926363,S3-538368782,S3-53911281,S3-547015682,S3-54908638,S3-555286550,S3-557764099,S3-568581350,S3-570259660,S3-575423569,S3-595492997,S3-596923297,S3-597367705,S3-609680651,S3-614751476,S3-615342870,S3-61916122,S3-623840442,S3-632359058,S3-642673563,S3-646715438,S3-6639846,S3-67290876,S3-680618024,S3-68427376,S3-69677920,S3-705859378,S3-706253801,S3-707591728,S3-709028500,S3-732834874,S3-752137533,S3-765387959,S3-789319566,S3-795413914,S3-801355401,S3-812140899,S3-816479985,S3-827454006,S3-831053493,S3-838921805,S3-844278111,S3-854430648,S3-878246823,S3-885348069,S3-889212215,S3-889834462,S3-916263302,S3-92033442,S3-931959110,S3-972495165,S3-990110387
S1-131673126	S2-840542423
S1-100899977	
S1-197197167	
S1-691890832	
S1-824076722	S2-26114491,S2-347557840,S3-401374483,S3-510762541
S1-590317213	
S1-709074730	
S1-238106423	
S1-225330324	
S1-154180077	
S1-233296344	S2-699029532,S3-164295434
S1-567398746	S3-770314711
S1-278756630	S3-893249477
S1-747808656	S3-340353131,S3-392803090,S3-443297872
S1-316795088	
S1-801212938	
S1-5842529	
S1-897981396	S2-473588988,S3-91820822
S1-899464369	S2-416035869
S1-502818456	
S1-99838517	S3-240048096
S1-945770627	
S1-38579651	S2-908833258,S2-990825410
S1-585298643	
S1-327225619	S2-802329094
S1-657688281	S2-891746522
S1-467198990	
S1-57859332	S2-121857842,S2-134716065,S2-142428035,S2-147462665,S2-165246187,S2-170418552,S2-181966610,S2-187624159,S2-190177562,S2-215054286,S2-215638971,S2-216915671,S2-218181236,S2-237218862,S2-250541755,S2-266187364,S2-267165783,S2-267689060,S2-293834218,S2-298025985,S2-304543509,S2-31438496,S2-321557670,S2-337552668,S2-36368792,S2-392521771,S2-408106658,S2-411725037,S2-413325188,S2-44671864,S2-455482066,S2-458906997,S2-460265765,S2-460893739,S2-46158158,S2-463720294,S2-471770216,S2-486409127,S2-500665893,S2-500956639,S2-510321329,S2-513552778,S2-554159224,S2-567737524,S2-627240769,S2-672491377,S2-692287103,S2-709545154,S2-715675843,S2-73269197,S2-765549476,S2-772953134,S2-77629581,S2-777183957,S2-783644076,S2-794039268,S2-795035745,S2-798541138,S2-799721221,S2-809126727,S2-827631429,S2-828185390,S2-831940949,S2-832577667,S2-836676779,S2-839262091,S2-840050388,S2-85234708,S2-852991060,S2-86082062,S2-864197972,S2-8753112,S2-877070496,S2-879110420,S2-887697858,S2-899524998,S2-908889781,S2-933279662,S2-934516056,S2-937849805,S2-954805561,S2-964546047,S2-980033900,S3-10031228,S3-119931625,S3-138720548,S3-15627859,S3-156511823,S3-158895237,S3-17185037,S3-173886060,S3-178803205,S3-190556022,S3-204395393,S3-207554489,S3-228717596,S3-242713263,S3-244988477,S3-249458392,S3-253181840,S3-253250766,S3-287252453,S3-315259021,S3-315384719,S3-321146145,S3-327542201,S3-355845266,S3-371689722,S3-395142183,S3-396716947,S3-411741854,S3-417586151,S3-417605340,S3-424081190,S3-439029993,S3-439511988,S3-451677513,S3-459080305,S3-508462374,S3-511996802,S3-514149649,S3-514421023,S3-515884760,S3-526830578,S3-527625731,S3-532719526,S3-534513175,S3-563929884,S3-581053248,S3-581384681,S3-606594652,S3-608279616,S3-620142181,S3-621078054,S3-631668168,S3-632633189,S3-64456365,S3-654346085,S3-67692784,S3-7229148,S3-75086629,S3-768105088,S3-776524492,S3-779925484,S3-784997677,S3-785938812,S3-834282268,S3-838078218,S3-83945711,S3-850244154,S3-85431965,S3-874865678,S3-88463719,S3-899987296,S3-906669679,S3-907267635,S3-941941211,S3-948848614,S3-98156066,S3-991690635
S1-745839307	S2-802946648,S3-117257045,S3-273709854,S3-312485444,S3-351363561,S3-542478613,S3-591100589,S3-776499657,S3-864719472,S3-925291214
S1-85024477	S2-292924737,S3-284068312,S3-843929312
S1-418477552	S2-202801640,S2-295217159,S2-382155749,S3-261669840,S3-423753361,S3-504534363,S3-714296349,S3-919394230
S1-905986016	S2-189227934,S2-203623278,S2-240503880,S2-246893982,S2-35941921,S2-363633455,S2-370826874,S2-384820785,S2-430727347,S2-445815241,S2-527231565,S2-529052874,S2-571717454,S2-649949607,S2-671616188,S2-723741905,S2-755592572,S2-785981106,S2-811014777,S2-814991965,S2-871058214,S2-949962354,S3-1130178,S3-274481385,S3-33433985,S3-497440309,S3-53207164,S3-599313552,S3-620105569,S3-622695110,S3-657784569,S3-718475505,S3-813800418,S3-850814100,S3-861119868,S3-934554210,S3-942406786,S3-983871001
S1-519482575	S3-64012524
S1-461918961	
S1-224323971	
S1-23537063	S2-415870437
S1-480390410	
S1-767396971	
S1-402731785	
S1-732503665	S2-255142379,S3-138793837
S1-98910320	
S1-191451677	
S1-891130183	
S1-900882482	S2-154175723,S2-159348083,S2-16778036,S2-188119932,S2-191752476,S2-193076,S2-195704210,S2-201757970,S2-216375134,S2-219325009,S2-226524528,S2-250283794,S2-255167491,S2-255485444,S2-260811597,S2-261769519,S2-265438276,S2-271333862,S2-272358751,S2-27480883,S2-28695712,S2-287626170,S2-295278555,S2-297398933,S2-305946091,S2-321897069,S2-324115840,S2-331008130,S2-333013973,S2-338205955,S2-347342813,S2-363906721,S2-364909378,S2-368741836,S2-370662823,S2-379064016,S2-387029214,S2-392495417,S2-395588925,S2-399678186,S2-419745739,S2-424489449,S2-431561253,S2-442916219,S2-445705134,S2-449243742,S2-456084741,S2-462312384,S2-476401468,S2-482075343,S2-485319249,S2-491847149,S2-509866983,S2-512585835,S2-529062241,S2-543294784,S2-561195066,S2-57920902,S2-581058290,S2-582078449,S2-614861842,S2-631800824,S2-654976604,S2-65583331,S2-677620046,S2-678484720,S2-67881307,S2-686498969,S2-699029954,S2-70319078,S2-708553977,S2-717172327,S2-723629690,S2-732991000,S2-735036549,S2-744883663,S2-784477823,S2-784807334,S2-790523087,S2-800181681,S2-804860259,S2-815123634,S2-819069838,S2-822630032,S2-826679657,S2-833329481,S2-843421122,S2-846964406,S2-85561020,S2-869150691,S2-871532016,S2-871658332,S2-880741211,S2-898736969,S2-900339626,S2-919516843,S2-919624358,S2-935713052,S2-936113490,S2-938375091,S2-940072540,S2-943879859,S2-945844506,S2-950192592,S2-961418056,S2-97845472,S2-981759805,S2-989635368,S2-991713746,S2-996045857,S3-102740733,S3-111174408,S3-114760406,S3-122484202,S3-145102607,S3-160443112,S3-171039588,S3-172633071,S3-205091159,S3-207885843,S3-21001657,S3-221426663,S3-221626181,S3-227076597,S3-228586513,S3-239849696,S3-251909586,S3-253189136,S3-257823855,S3-276099371,S3-279307544,S3-28688370,S3-305829290,S3-306451445,S3-308127795,S3-310050779,S3-315816050,S3-320749310,S3-32677564,S3-329170444,S3-360550399,S3-378455693,S3-402286144,S3-408971386,S3-428851547,S3-441474714,S3-45347393,S3-457732673,S3-469751252,S3-472578592,S3-483902097,S3-504575271,S3-507870896,S3-528649530,S3-529197772,S3-556058804,S3-55771961,S3-564331455,S3-570239111,S3-575631088,S3-594573814,S3-594934182,S3-599135817,S3-603873549,S3-604221051,S3-605647370,S3-608795993,S3-610660225,S3-612759497,S3-613748455,S3-616824245,S3-627917900,S3-65320039,S3-664312612,S3-668113172,S3-674177072,S3-689496603,S3-692488097,S3-709603112,S3-710848116,S3-719436463,S3-738610608,S3-748358215,S3-752700808,S3-758502523,S3-759610627,S3-766539079,S3-777192564,S3-777309708,S3-777464337,S3-779250383,S3-779828413,S3-780566100,S3-785896503,S3-786770372,S3-793525403,S3-800612237,S3-819763082,S3-832430644,S3-835849387,S3-847243141,S3-849771891,S3-877946225,S3-901907466,S3-910585877,S3-92148050,S3-936257592,S3-937644985,S3-938219753,S3-955665221,S3-957000472,S3-974323105,S3-978467206,S3-979574207,S3-985460711
S1-552065633	
S1-881848076	S2-987696828,S3-100157697
S1-89160825	
S1-874041790	
S1-13387750	
S1-372253974	S3-593209026
S1-244454509	S2-112339608,S2-112479376,S2-144614089,S2-223966630,S2-292796308,S2-360454809,S2-371432695,S2-380550231,S2-487904437,S2-564583021,S2-582937938,S2-679539367,S2-893159786,S2-926146732,S2-958131959,S2-992011806,S3-234874824,S3-278423987,S3-308695734,S3-379058760,S3-389642902,S3-467280224,S3-500995934,S3-531371056,S3-643420356,S3-672435891,S3-733802529,S3-753582180,S3-806602749,S3-917988406,S3-992560064
S1-550190717	S2-774324945
S1-813850270	
S1-958740646	S2-127737957,S2-173094035,S2-201583321,S2-223569130,S2-291497755,S2-450554569,S2-487819937,S2-554436401,S2-644594742,S2-847642452,S2-878291529,S2-90069219,S2-919587480,S2-959311663,S2-963126588,S2-967303602,S2-99260087,S3-120812683,S3-121637582,S3-142359783,S3-19745507,S3-219685571,S3-232398935,S3-264797017,S3-273997468,S3-311178127,S3-380649465,S3-393092224,S3-435058411,S3-54495915,S3-588611340,S3-61306998,S3-681049385,S3-695983042,S3-754660126,S3-777951963,S3-861051189,S3-922239244
S1-20031068	
S1-154848511	S2-265176807,S3-129500256,S3-534678653
S1-801027691	S3-732320308,S3-788006011
S1-884821612	S2-398940807,S2-632253818,S3-29500132,S3-327441900,S3-650502727,S3-92518911
S1-304099102	
S1-25750233	
S1-886116894	
S1-477162050	S2-410252356,S3-140003968
S1-340817900	
S1-563586539	S3-187679854
S1-163747087	S2-596190773,S3-161600616,S3-218019958,S3-349005240,S3-374640042,S3-76080572,S3-853442891,S3-857903156
S1-117094654	S3-113774055,S3-782440693,S3-794412943
S1-137026686	
S1-464518977	
S1-299511557	S2-155011897,S3-71711328
S1-890634836	S3-654714411
S1-262506206	S2-920168888
S1-47431587	S3-524549693
S1-284582618	S2-29254937,S3-526283601
S1-729032305	
S1-402164728	
S1-57274805	
S1-622241555	S2-209788881,S2-248299808,S2-361666023,S2-461970929,S2-493547197,S2-500331889,S2-509549097,S2-528585043,S2-551201678,S2-56595432,S2-659950005,S2-743431047,S2-758626808,S2-769250512,S2-818534147,S2-849117792,S2-955331260,S2-966605111,S3-102009245,S3-115293306,S3-181433510,S3-213898158,S3-228181909,S3-27236269,S3-341261029,S3-366747378,S3-393672867,S3-451783683,S3-516103089,S3-547230820,S3-594705393,S3-629924154,S3-715291936,S3-780058312,S3-927166942
S1-640830255	S2-701668947
S1-96384267	S2-962241752,S3-316111844,S3-351334648,S3-500698445,S3-583456015,S3-676757792
S1-600079333	
S1-11408993	S2-396294711,S3-975908370
S1-213642432	S2-545790357,S3-937974745
S1-999894380	S2-586217816,S2-711153645,S2-813061757,S2-924005368,S3-637235114,S3-670688286,S3-926722749
S1-12041665	S2-553347553
S1-115198057	S2-917940225,S3-480603733,S3-824972377,S3-827762914
S1-518860674	S3-638350746
S1-217514760	S3-710486424
S1-657091961	S2-367140322,S2-860530977,S3-274440034,S3-39457122,S3-651253016,S3-669993444,S3-706767112,S3-734473086
S1-502288504	S3-132999405
S1-766893478	
S1-285639517	
S1-161638253	S3-679575017
S1-902552291	
S1-773968745	S3-487778824
S1-716831720	S2-397660268,S2-470174359,S2-598941062,S2-62563648,S3-226547936,S3-602069012,S3-944380276
S1-800528107	
S1-981346708	S2-972996390,S3-135410216
S1-653120802	S3-504810869
S1-303487417	S3-572863877,S3-585818164,S3-926795281
S1-515548222	S3-331867093
S1-325049602	
S1-881015038	S2-293349952,S3-118127980,S3-410589425,S3-547178486,S3-89852861
S1-333207746	S2-418768698,S2-641585393,S2-870857848,S3-563896888
S1-994904668	S2-162714924,S3-323399002,S3-509064,S3-730369230,S3-745886455
S1-300116004	S2-421758681,S2-57823409
S1-9379136	S2-270370271,S3-256619395,S3-495140136,S3-69589433,S3-895824472,S3-969534231
S1-643953045	
S1-2092817	
S1-595315008	S2-128320111,S2-726690142
S1-336067611	S2-503833769
S1-590576171	S3-204628943,S3-829653731
S1-590815515	
S1-613642244	S2-3157980
S1-702336597	
S1-391842573	S3-972559056
S1-622939145	
S1-56835737	
S1-66358218	S3-286935012
S1-449072502	
S1-419148679	
S1-408130216	S3-696273836,S3-777684732
S1-960126068	S2-113235068,S2-29730741,S2-317321494,S2-332013758,S2-407203409,S2-42356025,S2-425270942,S2-459284358,S2-48848135,S2-520576675,S2-541868058,S2-542204976,S2-563470585,S2-601342072,S2-722116765,S2-86024899,S2-996072080,S3-306402650,S3-34531642,S3-347318983,S3-38165386,S3-38334000,S3-444762363,S3-446413359,S3-580465573,S3-624809727,S3-656747618,S3-707401687,S3-745426491,S3-753787755,S3-785480945,S3-795807086,S3-992339090
S1-492536604	
S1-534520678	
S1-439990641	S3-208740429,S3-957780217
S1-300521665	S2-549965836
S1-31462693	S2-509313225,S2-987445834
S1-560848017	
S1-356820551	
S1-346159233	
S1-816183362	
S1-650567133	S3-897065067
S1-520813789	
S1-734659223	
S1-635466493	S2-10848188,S2-86893878,S3-634777440,S3-787453816
S1-745775319	
S1-93708993	
S1-523999331	
S1-778830470	S2-284919985
S1-207827400	S3-211885033,S3-291640830,S3-561511687
S1-360352734	S3-103443707
S1-295624434	S2-611267833,S2-653485664
S1-521731996	
S1-622874768	S2-111024293,S2-171899658,S2-219590367,S2-241582754,S2-472793136,S2-847311167,S3-183937850,S3-287787440,S3-316089526,S3-34745547,S3-348150703,S3-629579983,S3-656482801,S3-853445828,S3-930667296
S1-790391714	S2-331783024,S2-592740937,S2-94060613,S3-229389919
S1-617582034	
S1-612605958	S3-853139978
S1-305783479	S2-328732267,S2-926829934,S3-30327252,S3-564493388
S1-703201622	S2-720549505
S1-170295653	
S1-642101524	
S1-718013009	S2-709181664
S1-379512171	
S1-317854633	S2-117220660,S2-156303153,S2-247493993,S2-25771859,S2-293000800,S2-349038114,S2-356176241,S2-624103224,S2-648268308,S2-686071038,S2-711827197,S2-821930659,S2-948236387,S2-992598569,S3-123239906,S3-183209913,S3-211289680,S3-261134337,S3-279897392,S3-324905090,S3-365313837,S3-399135729,S3-408123769,S3-433914435,S3-560528100,S3-582860699,S3-656186206,S3-6704729,S3-789240370,S3-900365124,S3-911659945,S3-937240453
S1-6381641	
S1-705987662	S2-115453081,S2-59179800,S3-741718639,S3-931036609
S1-737171527	S2-78262792
S1-968656774	S2-211821416
S1-892577020	S2-100812355,S2-119191602,S2-175556879,S2-196549643,S2-274617531,S2-363075504,S2-417658447,S2-432337631,S2-489254242,S2-600854558,S2-62735899,S2-651594427,S2-705605165,S2-852715202,S2-877622245,S2-923170800,S3-240778712,S3-247675808,S3-283706453,S3-28700901,S3-312563342,S3-33618897,S3-434944695,S3-437486467,S3-438008166,S3-452800467,S3-483628169,S3-499126835,S3-591264828,S3-633310771,S3-640073034,S3-886597855,S3-950411203,S3-991402149
S1-830790643	S2-246964730,S2-742799425,S2-896194146,S3-38128863,S3-492214502,S3-512310645,S3-822442830
S1-86014575	
S1-107682341	S2-138158453,S2-591063012,S3-182058291
S1-464309352	S2-442647074
S1-879837384	S3-322602013
S1-905507550	S2-106004800,S2-136195453,S2-16226755,S2-190581927,S2-19353656,S2-211498896,S2-216954910,S2-21828605,S2-226135247,S2-25753792,S2-272895024,S2-28216762,S2-292311481,S2-293457177,S2-302019682,S2-314979288,S2-332428447,S2-332957565,S2-33371866,S2-354246672,S2-385068186,S2-390975023,S2-399628167,S2-401065708,S2-431446551,S2-432233467,S2-439236769,S2-448177705,S2-455870087,S2-466053847,S2-47948654,S2-483666967,S2-49286890,S2-494263216,S2-510773472,S2-543440046,S2-556443513,S2-560744827,S2-567794218,S2-58734759,S2-593075856,S2-595948906,S2-596827262,S2-61006635,S2-626051655,S2-64040847,S2-670236162,S2-675064559,S2-683326296,S2-68444710,S2-71239028,S2-713492081,S2-734759069,S2-762682782,S2-784262040,S2-800181808,S2-805783208,S2-827035049,S2-844613329,S2-85198901,S2-85916436,S2-864239307,S2-865363833,S2-870848988,S2-87412969,S2-87706753,S2-884872277,S2-888552974,S2-892418296,S2-912675425,S2-915276447,S2-916289232,S2-927247463,S2-933032526,S2-937870262,S2-947680951,S2-948950487,S2-950958716,S2-955664407,S2-964062636,S2-96976178,S2-983793723,S2-986747050,S2-99506484,S3-103536271,S3-121349046,S3-124684962,S3-127778499,S3-128699567,S3-134262389,S3-137078941,S3-138172827,S3-148421853,S3-150115012,S3-153356027,S3-207456486,S3-223876489,S3-225840604,S3-228481877,S3-242361285,S3-259794935,S3-261763993,S3-264003693,S3-269834031,S3-28663636,S3-287713386,S3-290194611,S3-316955100,S3-330301785,S3-338100608,S3-347557908,S3-353273992,S3-358255873,S3-362287950,S3-366910718,S3-376547433,S3-382612669,S3-426517553,S3-432913591,S3-437881346,S3-447849995,S3-452473532,S3-467330397,S3-476035639,S3-483330818,S3-489936871,S3-517196721,S3-532409473,S3-539612529,S3-555082569,S3-570561302,S3-572502618,S3-581964315,S3-588182258,S3-59040519,S3-59866730,S3-601948630,S3-603116222,S3-609268094,S3-612129023,S3-631024537,S3-644677853,S3-64561027,S3-649836570,S3-651830698,S3-657495291,S3-665930958,S3-668025112,S3-676115544,S3-677856964,S3-684640938,S3-706675223,S3-744742844,S3-748141194,S3-760130173,S3-777972007,S3-780641168,S3-801096070,S3-83298208,S3-842186396,S3-853055984,S3-857690233,S3-864620600,S3-873058467,S3-878957728,S3-880647557,S3-891491597,S3-894603392,S3-895911355,S3-899385527,S3-902732343,S3-915377126,S3-918188426,S3-949120425,S3-950641137,S3-953143868,S3-960527557,S3-96329136
S1-981091224	S2-292203358,S2-490780443,S3-937113866
S1-298890713	
S1-627864371	S2-128153831,S2-223145456,S2-230015916,S2-233347892,S2-25161203,S2-253199469,S2-286209908,S2-378563361,S2-44900994,S2-467040429,S2-519967157,S2-565525397,S2-590774513,S2-598422173,S2-622751002,S2-645773523,S2-651898474,S2-699560778,S2-707780149,S2-737673572,S2-744637880,S2-797080208,S2-799876483,S2-878629213,S2-893421764,S2-9105986,S2-932261867,S3-35285774,S3-366232873,S3-373031484,S3-450536246,S3-460035810,S3-474272004,S3-474472556,S3-485291320,S3-514880958,S3-5272085,S3-532067318,S3-578597584,S3-723380091,S3-794359672,S3-827876881,S3-915426471,S3-950879421,S3-959734237
S1-767939959	
S1-754570857	S3-507418895,S3-757217905,S3-920003317
S1-382234885	S3-292546051,S3-405122101,S3-583880420,S3-922982488
S1-351358518	
S1-627406325	
S1-166125958	
S1-570361411	S2-61114662,S3-174140966,S3-196786644,S3-207477323,S3-253650357,S3-740635901,S3-873819878
S1-418514604	S2-124138773,S2-14832974,S2-260707772,S2-30259051,S2-387472798,S2-417299399,S2-520674733,S2-521185134,S2-528858100,S2-553476254,S2-576662708,S2-585449901,S2-592456762,S2-684219753,S2-689824623,S2-706470029,S2-725182965,S2-756813744,S2-772965874,S2-81992527,S2-827620009,S2-849976743,S2-867192634,S2-895192007,S2-97219179,S2-986089229,S3-140210451,S3-142153951,S3-15409629,S3-159167215,S3-159384671,S3-253933997,S3-267679465,S3-273130398,S3-326603261,S3-414589815,S3-559819125,S3-594741275,S3-656710551,S3-682326604,S3-687848624,S3-828069664,S3-868336488,S3-881282911,S3-903239674,S3-908742823,S3-931076325,S3-991478994
S1-298875156	S3-33127166
S1-852845726	S2-38900799,S3-801456498,S3-836807008
S1-722170008	S2-657643828,S2-792248139,S3-567384985
S1-411964161	
S1-211678907	S2-307692005,S2-462657862,S2-750352102,S3-120099593,S3-2674148,S3-425422226,S3-55969715,S3-663624087,S3-678759085
S1-866481061	S2-113694394,S2-869242125,S2-878257528,S2-959260221,S3-12222079,S3-17639560,S3-302025782,S3-700616489,S3-7626787,S3-778798007
S1-235360444	
S1-746713383	S3-215284029,S3-350965352
S1-183373288	S3-646619280
S1-585293112	
S1-493124566	S3-459500033
S1-618570184	S2-418018462,S3-144358551
S1-257281473	S2-26545126
S1-130264484	S2-463160065,S2-543617520,S2-997434868,S3-593668993
S1-68626877	
S1-772324975	S2-487336510
S1-745303317	
S1-234787807	
S1-932827505	S2-541059415,S2-607991569,S3-738610618
S1-238115724	
S1-952266463	
S1-244476321	
S1-761407497	
S1-844412430	S2-764023965,S3-235821,S3-931294175
S1-878933360	
S1-432558180	S2-204387010,S2-597447024,S2-890221620,S2-979589408,S3-440750834,S3-49670678,S3-650295920,S3-817336188,S3-962557514
S1-746735853	S3-898393138
S1-181306265	S3-226387342
S1-682825529	S2-125650208,S2-900825531
S1-114864723	
S1-745450749	
S1-422772138	S3-412410643,S3-735772026,S3-736886690
S1-49535321	
S1-771609668	
S1-942104958	S2-66616192
S1-599145787	S3-641669224
S1-426033453	
S1-840218727	S2-470282698,S2-693887256,S2-862843866,S3-131364893,S3-288450787,S3-391410502,S3-600420178,S3-616461639,S3-64543855,S3-918100088
S1-775313117	S2-667053303
S1-871302092	S2-133559869,S2-141861923,S2-253486495,S2-295403376,S2-339298926,S2-373323438,S2-381143227,S2-398900504,S2-411045623,S2-411275042,S2-489907262,S2-580668475,S2-587375933,S2-598728252,S2-607092022,S2-64400915,S2-651200182,S2-652343667,S2-674786887,S2-678858289,S2-721317200,S2-72477428,S2-750429598,S2-763117846,S2-799848790,S2-820429813,S2-822189565,S2-8315069,S2-836854747,S2-863082198,S2-885915556,S2-889555205,S2-895469900,S2-938680927,S2-98376405,S2-994717546,S3-110201913,S3-119181556,S3-125305492,S3-148011155,S3-181187493,S3-195518853,S3-232742439,S3-235231014,S3-24682763,S3-280007658,S3-297353,S3-306895382,S3-320460180,S3-323603162,S3-344546642,S3-405868140,S3-406350826,S3-41023134,S3-437563012,S3-446668789,S3-49844564,S3-500076949,S3-524890093,S3-533502223,S3-538659295,S3-545608821,S3-575119887,S3-595387543,S3-608323898,S3-629187030,S3-639233717,S3-643252514,S3-647623541,S3-685509082,S3-693365295,S3-701563276,S3-70339517,S3-723572825,S3-751279421,S3-754781703,S3-757705557,S3-858310519,S3-892561346,S3-897260220,S3-916401066,S3-932883520,S3-93766456,S3-949203196
S1-237670057	S2-327608976,S3-300375419,S3-323882426,S3-530591300,S3-614789472,S3-739826958,S3-768420660,S3-886609070,S3-988925903
S1-918001356	S2-776547494
S1-893733254	S2-12874656,S2-342166718,S3-512411656,S3-72933201
S1-63655361	
S1-994258416	S3-470324241
S1-28410420	S3-313183806
S1-326888389	S2-683798161,S2-878474951,S3-51398435,S3-705326434,S3-750606216,S3-937712770
S1-308671803	S2-414560293,S2-890397609
S1-6504827	S2-878136910
S1-998375147	
S1-218948566	
S1-705139382	S3-970477923
S1-253185653	S2-794897106,S2-906056675,S2-977692583,S3-18779794,S3-60411403,S3-738796645,S3-831217600,S3-869868324,S3-991092905
S1-196127879	
S1-800294363	S2-564197552,S2-60903904,S3-398234083,S3-54486946,S3-643660809,S3-80510277
S1-673498458	
S1-774320076	S3-588650357,S3-940633428
S1-943879014	
S1-235258587	S2-666745703
S1-182662840	
S1-620179786	
S1-177088763	
S1-698564395	
S1-694921791	S3-95313302
S1-864797403	
S1-621246789	S2-506409622,S2-575654686,S2-603980050
S1-967577604	S2-176269334,S2-260946851,S2-289650311,S2-297085237,S2-336807311,S2-42291028,S2-471458501,S2-532947317,S2-559947089,S2-763001640,S2-888032656,S3-231777116,S3-23367865,S3-299188421,S3-328492189,S3-397517291,S3-546125187,S3-567520588,S3-595803024,S3-61176579,S3-627351953,S3-709856599,S3-757086152,S3-839787344,S3-842287983,S3-888153002,S3-972226554,S3-990756629
S1-262975311	S2-395087679,S2-850956634,S3-239750455,S3-31513779,S3-38093278,S3-439461372,S3-509559050,S3-549248372,S3-60871971,S3-670891524
S1-47869953	S2-580021884
S1-420073336	
S1-530687623	S2-10510498,S2-106379360,S2-112461652,S2-114206799,S2-114436128,S2-122356995,S2-125377009,S2-127295369,S2-136745894,S2-181784021,S2-184191144,S2-188568075,S2-192333128,S2-209054004,S2-211590306,S2-212249335,S2-214264102,S2-221557350,S2-232627602,S2-246025728,S2-246086052,S2-255704949,S2-256318586,S2-26268004,S2-268727142,S2-276593870,S2-284095600,S2-29379384,S2-293958365,S2-297311963,S2-307225098,S2-316056576,S2-319535456,S2-323041955,S2-323383198,S2-326928127,S2-329292273,S2-330356945,S2-332538640,S2-338724088,S2-34963577,S2-353475022,S2-360845730,S2-36232098,S2-368289089,S2-368416533,S2-390637502,S2-390653447,S2-401423165,S2-406620086,S2-423795973,S2-427404207,S2-430927470,S2-435267710,S2-439497447,S2-439684191,S2-449132256,S2-455310946,S2-459076726,S2-459469695,S2-481380686,S2-497853245,S2-502173713,S2-507376062,S2-520795476,S2-528349660,S2-53992861,S2-545506254,S2-546498818,S2-54706817,S2-5534888,S2-587654759,S2-609924671,S2-611151243,S2-614727790,S2-623851536,S2-660703319,S2-661870989,S2-663657545,S2-666445810,S2-669067177,S2-676246905,S2-688047502,S2-688803784,S2-694120172,S2-700885045,S2-707410414,S2-715674907,S2-724262157,S2-736621213,S2-737779615,S2-748522583,S2-759925576,S2-77825898,S2-78352166,S2-78678425,S2-797188219,S2-803163797,S2-805478590,S2-806692318,S2-806896254,S2-830340595,S2-86018688,S2-868561422,S2-876900179,S2-880968444,S2-909232866,S2-923991774,S2-942054747,S2-966305201,S2-967864166,S2-977461971,S2-980652861,S2-989930333,S2-990111256,S2-998719021,S3-100079284,S3-103540521,S3-1055912,S3-112292,S3-116041897,S3-120692123,S3-149359192,S3-150193545,S3-151919851,S3-152301435,S3-157761330,S3-162477236,S3-1659480,S3-174409280,S3-1782040,S3-184015556,S3-190172350,S3-200796703,S3-206678369,S3-209704121,S3-210586976,S3-212182420,S3-219316779,S3-223373174,S3-230963754,S3-240093601,S3-240676603,S3-248812418,S3-248824311,S3-259639748,S3-279279650,S3-288311495,S3-294188678,S3-308948726,S3-318041155,S3-318785247,S3-319888454,S3-328388971,S3-34756833,S3-354110956,S3-357281655,S3-359286404,S3-36043347,S3-361992411,S3-369253859,S3-372917096,S3-389230034,S3-391094973,S3-392880301,S3-39388749,S3-404578423,S3-407705714,S3-415443537,S3-417220305,S3-440990110,S3-442239690,S3-45733747,S3-458834117,S3-459975085,S3-462661911,S3-462982079,S3-47561940,S3-485440476,S3-485967968,S3-492328663,S3-492394474,S3-497219510,S3-509230189,S3-509971623,S3-514243257,S3-521616431,S3-541787161,S3-550121,S3-559921526,S3-566817918,S3-571510393,S3-573364833,S3-588038702,S3-599130263,S3-599409715,S3-600395121,S3-625718880,S3-630841919,S3-638759410,S3-640113789,S3-651550692,S3-657036822,S3-668169502,S3-669755955,S3-671894530,S3-673454503,S3-680779472,S3-691581590,S3-692077520,S3-699599701,S3-703355997,S3-707553178,S3-71156692,S3-71260092,S3-717137576,S3-721378093,S3-736954429,S3-745660420,S3-763579761,S3-765619644,S3-781820611,S3-790613988,S3-793937739,S3-799076620,S3-803278372,S3-807485330,S3-809617275,S3-847522304,S3-847620232,S3-868557276,S3-868875838,S3-871067119,S3-888916316,S3-894124518,S3-902053829,S3-909109038,S3-925579516,S3-928404895,S3-975492979,S3-990723760
S1-705632806	S3-850513724
S1-361627720	S3-107643132
S1-52131287	
S1-301283839	S2-531099973,S2-562848835,S3-204118145,S3-693136758
S1-270255759	
S1-97577130	S2-279358828
S1-592498716	S2-794028051,S2-992089869,S3-181611604,S3-440472446,S3-474546144
S1-811584019	S2-473147982
S1-902150059	S2-575778157,S2-83198717,S3-219762667
S1-946922673	S2-52451120,S2-852639997
S1-17573606	S2-29830594,S3-125940221,S3-313381887,S3-383703417,S3-41705869,S3-518860465,S3-599468392,S3-752344265,S3-918069379
S1-684545756	
S1-910100521	S3-415289034
S1-820751255	S2-651335526,S2-985100094,S3-643602587
S1-741817106	S2-650143632,S3-988820026
S1-877882228	S2-659076973,S3-536112340,S3-657110233
S1-616950184	S3-336874273
S1-22901106	
S1-44634215	
S1-830300644	
S1-572666706	S2-105969495
S1-669413769	S2-211144534,S2-217170909,S2-381034859,S2-659170213,S3-217972429,S3-375147314,S3-593097035,S3-896971621
S1-785336105	
S1-974185394	S2-159802029,S2-208904505,S2-219258657,S2-242450563,S2-295157925,S2-349894523,S2-362620117,S2-365645392,S2-409910382,S2-421813410,S2-543230958,S2-55463095,S2-564275605,S2-580976853,S2-601450161,S2-604128627,S2-696869456,S2-704689530,S2-71146765,S2-720960247,S2-74286261,S2-749802117,S2-754600929,S2-776808197,S2-790853511,S2-796007960,S2-820607111,S2-846257270,S2-909989223,S2-935539809,S2-961816009,S3-1293573,S3-156155501,S3-188478563,S3-194540694,S3-233776573,S3-289580082,S3-294552417,S3-350090987,S3-360815458,S3-371016739,S3-411789465,S3-430756604,S3-431765273,S3-473163214,S3-581911665,S3-58490329,S3-611169557,S3-664320553,S3-705890772,S3-722311611,S3-794807286,S3-808007449,S3-815757475,S3-838530938,S3-845353696,S3-948890363
S1-169108778	S2-643986948,S3-195008333,S3-378087561,S3-392016434,S3-548839190,S3-551244891,S3-655906431,S3-656237642,S3-850290559,S3-873090552
S1-796167853	
S1-945793047	
S1-547971316	
S1-235705784	S2-389990308,S2-909832021,S2-957024051,S3-325085295,S3-43794397,S3-732213095
S1-438047370	S2-794667197
S1-164017572	S2-714992370,S3-480031366
S1-171471216	S2-32805761,S2-894183968,S3-61923540
S1-777898303	S2-458417869,S3-479168769
S1-898279595	S2-626464008,S3-332705599,S3-569466849,S3-86515020
S1-896330803	
S1-202517222	
S1-385823757	S2-173292291,S3-970750085
S1-677358632	S3-963589733
S1-886002896	
S1-226731020	
S1-196390702	S2-813604226,S3-648594627
S1-846870843	S2-103563352,S2-109803501,S2-121821614,S2-128133478,S2-13779613,S2-140504245,S2-148311620,S2-170239737,S2-251560480,S2-257317529,S2-300732525,S2-3367934,S2-380204223,S2-404670912,S2-421205522,S2-444585820,S2-444710106,S2-478412682,S2-491665553,S2-561431082,S2-573923471,S2-58448935,S2-596084822,S2-618432612,S2-712267539,S2-72551616,S2-749318316,S2-750759615,S2-752010519,S2-761346176,S2-789713328,S2-805464667,S2-806495465,S2-817397998,S2-835572223,S2-840822671,S2-86239775,S2-8653646,S2-866440447,S2-877559581,S2-926641697,S3-134580993,S3-142953176,S3-188366222,S3-240922563,S3-291342665,S3-30705227,S3-328347926,S3-388548993,S3-471119359,S3-472911326,S3-499505372,S3-515807413,S3-521413113,S3-532630588,S3-606676932,S3-637054541,S3-657744160,S3-672430151,S3-684654145,S3-713718262,S3-768769893,S3-788111638,S3-821718465,S3-880829472,S3-914087353,S3-933465573,S3-958677442,S3-960011216,S3-995000399
S1-652302768	S3-746708996
S1-189218186	
S1-925911205	S2-541929009,S3-148893505
S1-62329201	S2-107409777,S2-143781568,S2-229947361,S2-273407539,S2-281071413,S2-469166593,S2-516766114,S2-527530919,S2-54090579,S2-635189358,S2-697605992,S2-770515500,S2-801566521,S2-806692128,S2-853353414,S2-881997937,S2-903268836,S2-974170145,S3-17065659,S3-214720339,S3-231306098,S3-312733227,S3-320609487,S3-329625771,S3-343559624,S3-367776366,S3-407924736,S3-450870013,S3-62086223,S3-730017071,S3-823565476,S3-873547690,S3-901656205,S3-918360358,S3-91960280,S3-944406024,S3-945430935,S3-990889701
S1-34717806	
S1-218518704	
S1-548281154	
S1-376114110	
S1-521143416	S2-49964364
S1-410304151	S2-784403138,S3-495119735
S1-100516852	S3-815986065
S1-45964697	S3-650575667
S1-371671884	S3-358018345
S1-65296733	S2-287982625,S2-299904746,S2-443020497,S2-489064631,S2-572593702,S2-710329441,S2-724003694,S2-750031058,S2-765576591,S2-818878298,S3-123820776,S3-160520372,S3-191420661,S3-207636098,S3-21468037,S3-377946005,S3-419626524,S3-729256429
S1-388325812	S2-156414250,S2-187185162,S2-189462774,S2-197191648,S2-203131802,S2-203821024,S2-226529241,S2-24127956,S2-263853579,S2-278199557,S2-279503257,S2-289336797,S2-325587686,S2-326352546,S2-359885281,S2-363867731,S2-372746714,S2-374778567,S2-392744028,S2-414797178,S2-425603562,S2-428007253,S2-466297646,S2-468890497,S2-504728736,S2-513138132,S2-524605721,S2-554461351,S2-560547423,S2-574521265,S2-576228642,S2-593804359,S2-606335379,S2-613643164,S2-623099672,S2-655407570,S2-695392281,S2-723214332,S2-725134450,S2-740774168,S2-757789548,S2-779523387,S2-785615689,S2-797756290,S2-820515335,S2-85158830,S2-898775108,S2-933736601,S2-94300366,S2-946968307,S2-965079319,S2-96613025,S3-102239635,S3-128173136,S3-130646483,S3-150576077,S3-153109422,S3-159811700,S3-187412163,S3-192797061,S3-199043355,S3-201782708,S3-249219315,S3-28048018,S3-286227608,S3-297207186,S3-339384751,S3-340095595,S3-410804519,S3-414842734,S3-437327731,S3-437400605,S3-442593873,S3-472730184,S3-484011477,S3-517097117,S3-546404210,S3-558057160,S3-62763078,S3-647949400,S3-652423042,S3-662284094,S3-664925317,S3-674414026,S3-679994998,S3-715604689,S3-741594769,S3-7675023,S3-789723356,S3-808687379,S3-80972149,S3-852444167,S3-857933693,S3-870195270,S3-873850129,S3-911912403,S3-942415321,S3-975714997,S3-987072255
S1-184229550	
S1-203667972	
S1-125472274	
S1-834386502	S2-199675029,S2-873979639,S3-836125013,S3-893426559,S3-976288035
S1-942654297	S3-485338966,S3-527870775
S1-495565221	S2-137356746,S3-53947483
S1-409097297	S2-804543009,S3-95384673
S1-172667135	S3-565749298,S3-624477196
S1-393746933	
S1-650051667	
S1-399029451	S3-266508049,S3-655910150,S3-740243638
S1-206177417	S3-766204936
S1-282089477	
S1-111273522	S2-165920070,S2-217662545,S2-279218212,S2-475223801,S2-533671149,S2-55100767,S2-615445943,S2-860990836,S2-997070414,S3-325356732,S3-484471733,S3-542253600,S3-563965928,S3-629764194,S3-657089733,S3-783401309,S3-918487782
S1-76214334	
S1-611979795	
S1-829348020	S2-672613829,S2-80462011,S3-752670766,S3-89011466
S1-538674211	S3-308520095
S1-261360486	
S1-962416500	
S1-378245327	S2-100021803,S2-111228323,S2-135126856,S2-158810881,S2-165606363,S2-168962734,S2-18225262,S2-194648549,S2-198086350,S2-218839273,S2-231355699,S2-242257088,S2-24317498,S2-248567131,S2-253330725,S2-25765673,S2-261088565,S2-263432758,S2-267527325,S2-275517098,S2-276947617,S2-277881152,S2-284879303,S2-299040679,S2-310923367,S2-314270809,S2-314942739,S2-329671980,S2-340098457,S2-340870972,S2-360848332,S2-365160250,S2-397715972,S2-400279280,S2-418186655,S2-420209162,S2-421208198,S2-423804704,S2-424266095,S2-43197125,S2-432014324,S2-434017018,S2-439926206,S2-441727436,S2-445561511,S2-4511311,S2-461575402,S2-46522023,S2-47841445,S2-491063493,S2-491365795,S2-502823254,S2-506974248,S2-510795480,S2-512387056,S2-515589207,S2-547818505,S2-572227969,S2-596189562,S2-597129718,S2-598101944,S2-612759341,S2-61654420,S2-628139587,S2-643385500,S2-649889418,S2-672970531,S2-675783985,S2-680377301,S2-696383294,S2-697271985,S2-701046656,S2-71029045,S2-710958608,S2-71648347,S2-725867429,S2-740637837,S2-753108334,S2-762184442,S2-774599633,S2-775915109,S2-783763713,S2-78832915,S2-790625283,S2-800602887,S2-806545060,S2-813519449,S2-820155109,S2-821073682,S2-829665724,S2-830389126,S2-836041065,S2-844600511,S2-845513396,S2-846322337,S2-854225464,S2-85542008,S2-85916265,S2-877221637,S2-87966141,S2-882463399,S2-884477184,S2-885347902,S2-886218986,S2-912796749,S2-946809609,S2-949410283,S2-950012781,S2-950509823,S2-950925718,S2-961127617,S2-966349018,S2-971064333,S2-987626310,S3-107512318,S3-114927317,S3-120567010,S3-124031807,S3-127540738,S3-142576866,S3-146474607,S3-150283029,S3-163972390,S3-166664794,S3-168771167,S3-190907879,S3-19424033,S3-19472750,S3-197122278,S3-206029888,S3-211451950,S3-213387618,S3-223157615,S3-225180612,S3-231597339,S3-236831217,S3-276693351,S3-303803591,S3-325141912,S3-333491760,S3-336712552,S3-344784471,S3-355303065,S3-369422040,S3-39252745,S3-400785077,S3-416835524,S3-424199771,S3-425343975,S3-427669725,S3-434692517,S3-436005975,S3-450614264,S3-458457058,S3-471986120,S3-485222200,S3-504730171,S3-507788802,S3-511285944,S3-535602111,S3-537233301,S3-544717214,S3-546784907,S3-558628791,S3-565170622,S3-587688617,S3-608704481,S3-610417629,S3-62351225,S3-654589289,S3-694807248,S3-714103150,S3-734435509,S3-744673634,S3-754817816,S3-757380769,S3-758585724,S3-764958940,S3-786584872,S3-791036936,S3-791640391,S3-796205697,S3-806874307,S3-812541265,S3-815750042,S3-816459348,S3-819610723,S3-829106475,S3-831436617,S3-844031136,S3-854844733,S3-86100703,S3-866614988,S3-884739753,S3-909437368,S3-911856421,S3-918384760,S3-926562966,S3-945194840,S3-94614327,S3-962556816,S3-967636803,S3-968028743,S3-969186440,S3-975552081,S3-988454138,S3-999920536
S1-414883860	S3-7272211,S3-84586377
S1-20679780	
S1-191708568	
S1-549398205	
S1-988009600	S2-197581017,S2-629387422,S3-63246300,S3-838347210,S3-839747465
